"BirdID","OldID","BirthYear","Sex"
1,,1965,
2,,1966,
3,,,
4,,,"M"
5,,,"M"
6,,,"F"
7,,,"M"
8,,,
9,,,"F"
10,,,"M"
11,86,,
12,36,,"M"
13,58,,
14,32,,
15,9,,
16,6,,
17,31,,
18,,,
21,,1967,
22,,1967,
23,,1967,
24,,1967,
25,,1967,
26,,1967,
27,,,
28,,,
29,,,
30,,,"M"
32,,,
33,,,"M"
34,,1966,
35,,1966,
36,,1966,
37,,1965,
38,,,
39,,1967,
40,,1966,
41,,,"F"
42,99,,"M"
43,,1966,"M"
44,41,,"F"
45,,1966,
46,,1966,"M"
47,,1965,
48,,1966,
49,,1966,"F"
50,,1966,
51,,1966,"M"
52,,1966,
53,,1966,
54,,,
55,,1966,
56,,1966,
57,,,
58,,1967,
59,,1967,
60,,,
61,,1969,
62,,1966,"M"
63,,1966,"F"
64,,1967,
65,,,
66,,1966,"F"
68,,1967,
69,,1967,
70,,1966,
71,,1966,"M"
72,,,
73,,1967,"M"
74,,1966,
75,,,
77,,1967,
78,,1967,
79,,1967,
80,,,
81,,1967,
82,,,
83,,,
84,,1968,
85,,,"F"
86,,,
87,,,"F"
88,,,"M"
89,,,
90,,,"M"
91,,,"F"
92,91,1964,"M"
93,190,,"M"
94,,1965,"F"
95,,,"M"
96,,1965,
97,,1965,"M"
98,,,"M"
99,,1966,
100,,1966,
101,,,"F"
102,,1966,
103,,1966,
104,,,"F"
105,,1966,"M"
106,,1966,"F"
107,,1966,"M"
108,,1966,
109,387,1966,"M"
110,,1966,"F"
111,,1966,"M"
112,,1966,
113,,1966,"M"
114,394,1966,"F"
115,,1966,
116,,1966,
117,,1966,"F"
118,,,"M"
119,,1966,
120,,1966,"F"
121,,1967,"M"
122,,1967,
123,,1966,
124,,1966,
125,,1966,
126,,1967,
127,,1966,"M"
128,70,,"F"
129,,,"M"
130,,1966,
131,,1966,
132,,,"M"
133,,,
134,,1967,
135,,,
136,,1967,
137,,1967,
138,,1966,
139,,,
140,,1967,
141,,1966,
142,,,
143,96,1964,"F"
144,,,
145,,,
146,19,1964,
147,53,,
148,4,,"M"
149,5,,
150,38,1965,
151,87,1964,"M"
152,68,1964,
153,46,,"M"
154,45,,
155,98,1965,
156,71,,"M"
157,20,1964,
158,61,1965,
159,76,1964,"F"
160,100,,"F"
161,101,1963,
162,102,,
163,,1965,
164,,1965,
165,159,1965,
166,191,1965,
167,,1965,
168,,1965,
169,286,1965,
171,,1965,
172,485,1965,
173,,1965,
174,,1965,
175,285,1965,
176,226,1965,
177,,1965,
178,,1965,
179,,1965,
180,,1965,
181,,1965,
182,,1965,
183,,1965,
184,,1965,
186,,1965,
187,,1965,
188,,1965,
190,,1965,
191,517,1965,
192,,1965,
193,420,1965,
194,,1965,
195,,1965,
196,,1965,
197,,1965,
198,,1965,
199,,1965,
200,,1965,
201,,1965,
202,,,
203,,1965,
204,,1965,
205,411,1965,
206,,1965,
207,,1965,
210,,1965,
213,209,1965,
215,22,,
216,21,,"M"
217,47,,
218,66,1964,
219,14,,"M"
220,7,,"M"
221,11,,
222,62,1969,
223,50,,"M"
224,27,,
225,13,,
226,69,,
227,30,,
228,104,,"F"
229,103,,
230,33,,"M"
231,29,1965,
232,34,,"M"
233,105,,"M"
234,106,1964,
235,108,,"M"
236,107,,"M"
237,109,,"F"
238,110,,
239,72,,
240,24,1964,
241,88,1964,
242,16,,
243,74,1964,"M"
244,55,,"M"
245,25,,
246,10,,
247,90,,
248,12,,
249,39,1965,"M"
250,92,,
251,59,,
252,3,,
253,111,,
254,113,1965,"M"
255,118,,
256,115,,
257,117,1964,"M"
258,181,1964,
259,179,1965,
260,124,,"F"
261,80,1964,
262,75,1964,
263,17,,
264,89,,
265,94,,"M"
266,93,,
267,79,1964,"M"
268,95,,
269,81,,
270,143,,
271,77,1964,
272,60,1964,
273,2,,
274,125,,
275,114,1965,
276,126,1964,
277,127,,
278,42,1965,
279,128,,
280,130,1965,
281,131,,
282,78,,
283,132,,
284,133,,"F"
285,134,1964,"F"
286,67,,
287,51,,
288,43,,"M"
289,15,,
290,49,,
291,48,,
292,112,,
293,37,1964,"M"
294,54,,"M"
295,28,,
296,97,,"M"
297,73,,
298,56,,"M"
299,136,1964,
300,83,1964,"M"
301,44,,"M"
302,138,,"F"
303,139,,
304,140,1964,
305,141,,
306,35,,"M"
307,155,,
308,184,,
309,274,1965,
310,212,1965,
311,213,,
312,144,,
313,145,,
314,146,,
315,147,1965,
316,148,,
317,149,,
318,180,,
319,150,1964,
320,201,,"M"
321,183,,
322,158,,
323,162,,
324,173,,
325,156,,
326,269,,
327,174,,
328,161,,
329,192,,
330,164,,
331,239,1965,
332,275,,
333,200,,
334,151,,
335,182,,
336,233,1965,
337,235,1965,
338,236,1965,"F"
340,169,,
341,172,,
342,170,,
343,188,,
344,229,1965,
345,232,,
346,228,1964,"F"
347,227,1965,
348,202,1965,
349,258,1965,
351,259,,
352,260,1965,"M"
353,262,,
354,204,,
355,245,1964,
356,244,1965,
357,242,1965,
359,243,1965,
360,240,1965,
361,241,1965,
362,176,,
363,246,1965,"F"
364,187,,
365,167,1965,
366,163,1965,
367,193,,
368,294,1965,
369,273,,
370,267,,
371,272,1964,
372,210,1965,
373,207,1964,"M"
374,211,,
375,189,,
376,256,,
377,250,1964,
378,264,1965,
379,266,1965,
380,251,,
381,196,,
382,160,,
383,254,,
384,255,1964,"M"
385,253,,
386,265,1965,
387,263,1965,
388,175,,
389,195,1965,
390,271,,
391,270,,
392,225,,
393,154,,
394,222,,"M"
395,221,,
396,224,1964,
397,220,,
398,178,1964,
399,219,,"M"
400,217,1965,
401,216,,
402,218,1964,
403,276,1965,
404,278,1965,
405,279,,
406,280,1965,
407,282,1965,
408,283,1965,
409,284,,
410,288,,
411,289,1965,
412,290,1965,
413,291,1964,
414,296,1964,
415,299,1965,
416,300,,
417,304,1965,
418,308,,
419,309,,
420,312,,
422,317,1972,
423,319,,
424,320,,"M"
425,324,,
426,321,1964,
427,322,,
428,325,1965,
429,326,,
430,327,,
431,329,,
432,355,1965,
433,331,1965,
434,332,1964,
435,335,,
436,336,,
437,339,1965,
438,340,1965,
439,341,1965,
440,344,,
441,346,,
442,347,1965,
443,349,1965,
444,352,,
445,359,1965,
446,330,,
447,371,1964,"M"
448,360,1964,
449,361,1964,
450,362,1964,
451,363,1964,
452,364,,"M"
453,366,1964,
454,370,,
455,343,1965,
456,386,1964,"M"
457,373,,"M"
458,351,1965,
461,377,1965,
462,,,
463,379,1965,"M"
464,380,1965,"F"
465,381,1965,"M"
466,388,1966,
467,390,1966,
468,391,1966,
469,392,1966,
471,397,1966,
472,398,,
473,399,1966,
474,400,1966,"M"
475,402,1966,
477,382,,
478,384,,
479,385,1965,
480,,1965,
481,,1965,
482,,1965,
483,,1965,
484,,1965,
485,,1965,
486,,1965,
487,,1965,
488,,1965,
489,,1965,
490,,1965,
491,,1965,
492,,1965,
493,,1965,
494,,1965,
495,,1965,
497,,1965,
498,,1965,
499,,1965,
500,,1965,
501,,1965,
502,,1965,
503,,1965,
504,,1965,
505,,1965,
506,,1965,
507,,1965,
509,469,1965,
510,522,1965,
511,,1965,
512,,1965,
513,,1965,
514,,1965,
515,,1965,
516,,1965,
517,,1965,
518,,1965,
519,,1965,
520,,1965,
521,,1965,
522,,1965,
523,,1965,
525,,1965,
526,,1965,
527,,1965,
528,,1965,
529,528,1965,
530,,1965,
531,,1965,
532,,1965,
533,,1965,
534,,1965,
535,,1965,
536,,1965,
537,,1965,
538,,1965,
539,,1965,
540,,1965,
541,,1965,
542,,1965,
543,,1965,
544,374,,
546,378,,"M"
547,,1965,
548,,1965,
549,,1965,
550,,,
551,,,
552,,1966,
553,,1965,
554,,1965,
555,,1965,
556,,,
557,,,
558,,1965,
560,,1966,
561,,,
562,,1966,
563,,1966,
564,,1966,
565,,,
566,,1967,
567,,1967,
568,,1967,
569,,1967,
570,,1967,
571,,1967,
572,,1967,
573,,1967,
574,,1967,
575,,1967,
576,,1967,
577,,1967,
578,,1967,
579,,1967,
580,,1967,
581,,1967,
582,,1967,
583,,1967,
584,,1967,
585,,1967,
586,,1967,
587,,1967,
588,,,
589,,1967,
590,,,
592,,1967,
593,,1967,
594,,,
595,,1967,
596,,,
597,,1966,
598,,1967,
599,,,
600,,1968,
601,,1968,
602,,2019,
603,,1968,
604,,1968,
605,,1968,
606,,2019,
607,,1968,
608,,1968,
609,,2019,
610,,2020,
611,,1968,
612,,1968,
613,,1968,
614,,1968,
615,,,
616,,1968,
617,,1968,
618,,1968,
619,,1968,
620,,1968,
621,,,
622,,,
624,,,
625,,1968,
626,,,
628,,,
629,,1969,
630,,,
631,,1969,
632,,1967,"M"
634,,,
636,,,"M"
637,,1968,
638,,1968,
639,,1968,
640,,,
641,,,
642,,1970,
644,,,
646,,,
647,,1970,
648,,,"M"
650,,,"M"
652,,,"M"
653,,1970,
655,,,
658,,,
659,,,
660,,1970,
661,,,
662,,1970,
665,,1970,
666,,1970,
667,,1970,
669,,1970,
672,,1970,
673,,,
674,,1970,
675,,1970,
676,,1970,
677,,1970,
678,,,
679,,1970,
681,,,
683,,,
684,,,
686,,1970,
687,,,
688,,,
689,,,
690,,1970,
691,,1970,
692,,,
693,,,
694,,1966,
695,,,
698,,,
699,,,
700,,1971,
701,,1971,
702,,,
705,,,
706,,,
707,,,
708,,,
709,,1969,"F"
711,,,
712,,,
713,,,
714,,1969,
715,,,
716,,1969,
717,,,
718,,,
719,,1969,
720,,,"M"
721,,,
722,,,
723,,1969,
724,,,
725,,,
726,,1970,
728,,,
729,,,
730,,,
731,,,
732,,,
733,,,
735,,1967,
736,,1971,
737,,,
738,,,
739,,,
740,,,
741,,,
742,,1972,
743,,,
744,,,
745,,,
746,,,
747,,,
748,,1969,
749,,,
750,,,
751,,,
753,,,
754,,,
755,,1966,
757,,1967,
758,,,
759,,,
762,,1972,
763,,,
764,,1972,
765,,,
767,,,
768,,1972,
769,,1971,
770,,,
773,,,"F"
774,,,"F"
775,,1969,"F"
776,,,
777,,,"F"
778,,,"M"
779,,,
780,,,
781,,,
782,,,
783,,,
785,,,"M"
786,,,"M"
787,,,"F"
788,,,"F"
789,,,
791,,,
793,,,
796,,,
797,,,
798,,,
799,,,
800,,1965,
801,,1965,
802,,1965,
804,,1965,
805,,,
806,,1965,
807,,1965,
808,,,
811,,1965,
812,,1965,
813,,1965,
814,,1965,
815,,1965,
816,,1965,
817,,1965,
818,,1965,
819,,1965,
820,,,
821,,1966,
822,,1966,
823,,1965,
824,,1965,
825,,1966,
826,,1965,
827,,1966,
828,,,
829,,,
830,,,
831,,,
832,,1966,
833,,1966,
834,,1965,
835,,1966,
836,,1965,
837,,1966,
838,,1966,
839,,1966,
840,,1965,
841,,1966,
842,,1966,
843,,,
844,,,
845,,1965,
846,,1965,
848,,1966,
849,,,
851,,1965,
852,,1966,
853,,,
855,,1965,
858,,1966,
859,,1966,
860,,,
861,,1965,
862,,,
863,,,
864,,1966,
865,,1966,
866,,1966,
867,,1966,
868,,,"F"
869,,,"M"
871,,,"F"
872,,,"F"
873,,1968,
874,,1968,
875,,1968,"F"
876,,,"M"
877,,1968,
878,,,
880,,1967,
881,,,"F"
882,,,
884,,1966,
885,,,
886,,,
887,,,
888,,,
889,,,
890,,,
891,,1965,
892,,,"F"
893,,1966,
894,,1967,
895,,1967,
896,257,1964,
897,,1966,"M"
898,,1968,"F"
900,,1969,"F"
902,,,"F"
903,,,"M"
904,,,"M"
905,,,
906,,,
907,,1968,
908,,1968,
909,,1968,
910,,1968,"M"
911,,1968,"M"
912,,1968,
913,,,"F"
915,,1968,"F"
916,,,
917,,1968,
918,,1968,
919,,,
920,,,
921,,,
922,,1968,"F"
923,,,"M"
924,,,"F"
925,,1968,"F"
926,,1968,
927,,,"M"
928,,,
929,,,
930,,,
931,,1969,
932,,,"F"
933,,,"F"
934,,1969,
935,,1969,"M"
936,,,
937,,,"F"
938,,1969,
939,,1969,
941,,,
942,,,
943,,,
944,,,
945,,1969,
946,,1969,"F"
947,,,"M"
948,,,
949,,,
950,,,"M"
951,,1969,
952,,,
953,,1969,
954,,1969,
955,,1969,"M"
956,,1969,
957,,,
958,,1969,"M"
959,,,"F"
960,,,
961,,,
962,,1969,
963,,,"F"
964,,,
965,,,
966,,1969,
967,,1969,
968,,1969,
969,,,
970,,1969,"M"
971,,1969,
972,,,
973,,1967,"M"
974,,1967,"F"
975,401,1966,"F"
976,,,"M"
977,,1967,
978,,,"M"
979,52,,
980,135,1964,
981,,,"M"
982,,,
983,214,,
984,198,1964,
985,,1964,
986,208,1964,
987,,1964,
988,230,1964,
989,,,
990,,1965,
991,,1965,
992,,,
993,,1965,
994,396,1966,
995,,,
996,,,
997,,,
998,,,
999,,1968,
1000,,,
1001,,1968,
1002,,1968,
1003,,1968,
1004,,1968,
1005,,1968,
1006,,1968,
1007,,1968,
1008,,1968,
1009,,1968,
1010,,1968,
1011,,1968,
1012,,1968,"M"
1013,,1968,
1014,,,
1015,,,
1016,,1969,
1017,,1969,
1019,,,
1028,,,
1042,,,
1043,,,"F"
1044,,1970,"M"
1045,,,
1046,,,
1047,,1970,"F"
1048,,1970,"M"
1049,,1970,"F"
1050,,1970,
1051,,1970,
1052,,1970,
1053,,1970,
1054,,1970,
1055,,,
1056,,1970,
1057,,1970,"M"
1058,,1970,
1059,,1970,
1060,,1970,"M"
1061,,1970,
1062,,1970,
1063,,1970,
1064,,1970,"F"
1065,,1970,
1066,,1970,
1067,,1970,
1068,,,
1070,,,
1071,,1971,
1072,,,
1073,,,
1074,,,"F"
1075,,,
1076,,,
1077,,1969,
1078,,,
1080,,,
1081,,,
1082,,,"M"
1083,,,
1084,,1969,
1085,,1969,"M"
1086,,1969,
1087,,,"F"
1088,,,"F"
1089,,,"M"
1090,,,
1091,,,
1092,,1972,
1093,,,
1095,,,"M"
1096,,1972,
1097,,,"M"
1098,,1972,
1099,,,
1100,,1972,
1102,,,"M"
1103,,,
1104,,,"F"
1105,,,
1106,,,
1107,,,
1108,,,
1109,,,
1110,,,"F"
1111,,,
1112,,,
1113,,,
1114,,,"M"
1115,,1969,
1116,,1972,"M"
1117,,1969,
1119,,1972,
1120,,1969,
1121,,1972,
1122,,1972,
1123,,1972,
1124,,1972,
1125,,1972,
1126,,1972,
1127,,1972,
1128,,1972,
1129,,1972,
1130,,1972,
1131,,1972,
1132,,1972,
1133,,,
1134,,,
1135,,1972,
1136,,1972,
1137,,1972,
1138,,1972,
1139,,1972,
1140,,1972,
1141,,1972,
1142,,1972,
1143,,1972,
1144,,1972,
1145,,1972,
1146,,1972,
1147,,1972,
1148,,,
1149,,,
1150,,,
1151,,,
1152,,,
1153,,,
1154,,,
1155,,,
1156,,,
1157,,,
1158,,,
1159,,,
1160,,1972,
1161,,,
1162,,,
1163,,,
1164,,,
1165,,,
1166,,,
1167,,,
1168,,,
1169,,,
1170,,1968,
1171,,,
1172,,,"F"
1173,,1968,
1174,,1968,"F"
1175,,,
1176,,1968,
1178,,,
1179,,1968,"M"
1180,,1968,
1181,,1968,
1182,,,
1183,,,
1184,,,
1185,,,
1186,,,
1187,,,
1188,,,
1189,,,
1190,,,
1191,,,
1192,,,
1193,,1969,
1194,,,
1195,,1969,"F"
1206,,1970,
1208,,1970,
1212,,,
1213,,,
1214,,,
1215,,,"M"
1216,,,
1217,,1970,
1218,,1970,
1219,,1970,
1220,,1970,
1221,,1970,
1222,,1970,"M"
1223,,1970,
1224,,1970,
1225,,1970,
1226,,1970,
1227,,1970,
1228,,1970,
1229,,1970,
1230,,,
1231,,1970,
1233,,1969,
1234,,,
1235,,,
1236,,1969,"M"
1237,,1969,
1238,,1969,
1239,,1969,
1240,,,
1241,,,"F"
1242,,1969,"M"
1243,,1969,"M"
1246,,,
1247,,,
1249,,1969,
1250,,,
1251,,,
1254,,,
1255,,,
1256,,1969,
1257,,1969,
1258,,,
1259,,,
1260,,,
1261,,,
1262,,,
1263,,,
1264,,,
1265,,,
1266,,,
1267,,,
1268,,,
1269,,,
1270,,,
1271,,,
1272,,1972,
1273,,1972,
1274,,1972,
1275,,1972,
1276,,1972,
1277,,1972,
1278,,1972,
1279,,1972,
1280,,1972,
1281,,1972,
1282,,1972,
1283,,1972,
1284,,1972,
1285,,1972,
1286,,1972,
1287,,1972,
1288,,1972,
1289,,1972,
1290,,1972,
1291,,1972,
1292,,1972,
1293,,1972,
1294,,1972,
1295,,1972,
1296,,1972,
1297,,1972,
1298,,1972,
1299,,1972,
1300,,1972,
1301,,1972,
1302,,1972,
1303,,1972,
1304,,1972,
1305,,1972,
1306,,1972,
1307,,1972,
1308,,1972,
1309,,1972,
1310,,1972,
1311,,1972,
1312,,1972,
1313,,1972,
1314,,1972,
1315,,1972,
1316,,1972,
1317,,1972,
1318,,1972,
1319,,,
1320,,,
1321,,1972,
1322,,1969,
1323,,1969,
1324,,1969,
1325,,,
1326,,,
1327,,1969,"M"
1328,,,
1331,,,
1332,,1970,
1333,,,
1335,,,
1336,,1969,
1338,,1969,
1339,,,
1340,,1969,
1341,,1969,
1342,,1969,
1343,,,
1344,,,"M"
1345,,,
1346,,,
1347,,,
1348,,1969,
1349,,1969,"F"
1350,,,
1351,,1969,
1352,,,"M"
1353,,1969,
1354,,1969,
1355,,,
1356,,,
1357,,,
1358,,,
1359,,,
1360,,,
1361,,1969,
1362,,,
1363,,,
1364,,,
1365,,,
1366,,,"M"
1367,,,"M"
1368,,,"M"
1369,,,
1370,,,
1371,,,"M"
1372,,,
1373,,1972,
1374,,1972,
1375,,,"M"
1376,,,
1377,,,
1378,,,
1379,,,
1380,,,
1381,,,
1382,,1967,"M"
1383,,,
1384,,1967,"M"
1385,,1967,
1387,,,
1389,,,"F"
1390,,1966,"M"
1391,,,
1392,,1966,"F"
1393,,,
1395,,1966,
1396,,,"M"
1397,,,
1398,,,
1399,,,"M"
1400,,1966,"M"
1401,,1967,
1402,,,
1403,,1966,"M"
1404,,1966,
1405,,1966,"M"
1406,,1966,"F"
1407,,1967,
1408,,,
1409,,,
1410,,,
1411,,1966,"M"
1412,,,"M"
1413,,,
1414,,,
1415,,1966,
1416,,1966,"M"
1417,,,"F"
1418,,,
1419,,,
1420,,1966,
1421,,1966,
1422,,1966,
1423,,,
1424,,,
1425,,1966,
1426,,1967,"M"
1427,,,"M"
1428,,,
1429,,1966,
1430,,1966,
1431,313,,
1432,,1967,
1433,,,
1434,,1967,
1435,,1967,
1436,,1966,
1437,,1966,
1438,,1966,
1439,,1966,
1440,,,
1441,,1966,
1442,,1966,
1443,,,
1444,,1969,
1445,,1966,
1446,,,
1447,,,
1448,,1966,"F"
1449,,,
1450,,1966,
1451,,1968,
1452,,,
1454,,1968,
1455,,1968,
1456,,1968,
1457,,,
1458,,1969,
1459,,1969,"M"
1460,,,
1461,,1969,
1462,,1969,"F"
1463,,,
1464,,,
1465,,,
1466,,,"M"
1467,,,"F"
1468,,1969,
1469,,,"M"
1470,,,
1471,,,
1472,,1969,"M"
1473,,1967,
1474,,,
1475,,,"M"
1476,,,
1477,,1966,
1478,,,
1479,,1969,
1480,,,
1483,,,
1487,,1970,
1488,,,
1489,,,
1490,,1972,
1491,,1972,
1492,,1972,
1493,,1972,
1494,,1972,
1495,,1972,
1496,,1972,
1497,,1972,
1498,,1972,
1499,,1972,
1500,,,
1501,,,
1502,,,
1503,,,
1504,,,
1505,,,
1507,,,
1509,,,
1511,,,
1513,,,
1514,,,
1515,,,
1516,,,
1517,,1969,
1518,,,
1519,,,
1520,,1971,
1521,,,
1522,,1972,
1523,,1972,
1524,,1972,
1525,,1972,
1526,,1972,
1527,,1972,
1528,,1972,
1529,,1972,
1530,,1972,
1531,,1972,
1532,,,
1533,,,
1534,,,
1535,,,
1536,,,
1537,,,
1538,,,
1539,,,
1541,,,
1542,,,
1543,,,
1544,,,
1545,,,
1546,,,
1547,,,
1548,,,
1549,,,
1550,,,
1551,,,
1552,,,
1553,,,
1554,,,
1555,,,
1556,,,
1557,,,
1558,,,
1559,,,
1560,,,
1561,,,
1562,,,
1565,,,
1566,,,
1567,,,
1568,,,
1569,,,
1570,,1969,
1571,,1969,
1572,,1969,
1573,,1969,
1574,,,
1575,,,
1576,,,
1577,,,
1579,,,
1580,,,
1581,,,
1583,,,
1584,,,
1586,,,
1587,,,
1588,,,
1589,,,
1590,,,
1591,,,
1592,,,
1593,,,
1594,,,
1595,,,
1596,,,
1597,,,
1598,,,
1599,,,
1600,,,
1601,,,
1602,,,
1603,,,
1604,,,
1605,,,
1606,,,
1607,,,
1608,,,
1609,,,
1610,,,
1611,,,
1612,,,
1613,,,
1614,,,
1615,,,
1616,,,
1617,,,
1618,,,
1619,,,
1620,,,
1621,,,
1622,,,
1623,,,
1624,,,
1625,,,
1626,,,
1627,,,
1628,,,
1629,,,
1630,,,
1631,,,
1632,,,
1633,,,
1634,,,
1635,,,
1636,,,
1637,,,
1638,,,
1639,,,
1640,,,
1641,,,
1642,,,
1643,,,
1644,,,
1645,,,
1646,,,
1647,,,
1648,,,
1649,,,
1650,,,
1651,,,
1652,,,
1653,,,
1654,,,
1655,,,
1656,,,
1657,,,
1658,,,
1659,,,
1660,,,
1661,,,
1662,,,
1663,,,
1664,,,
1665,,,
1666,,,
1667,,,
1668,,,
1669,,,
1670,,,
1671,,,
1672,,,
1673,,,
1674,,,
1675,,,
1676,,,
1677,,,
1678,,,
1679,,,
1680,,,
1681,,,
1682,,,
1683,,,
1684,,,
1685,,,
1686,,,
1687,,,
1688,,,
1689,,,
1690,,,
1691,,,
1692,,,
1693,,,
1694,,,
1695,,,
1696,,,
1697,,,
1698,,,
1699,,,
1700,,,
1701,,1968,
1702,,1968,
1703,,1968,
1704,,1968,
1705,,1968,
1706,,,
1707,,1968,
1708,,1968,
1709,,1968,
1710,,1968,
1711,,1968,
1712,,1968,
1713,,1968,
1714,,1968,
1715,,,
1716,,1969,
1717,,1968,
1718,,,
1719,,1968,
1720,,,
1721,,,
1722,,1968,
1723,,1968,
1724,,1968,
1725,,1968,
1726,,1969,
1727,,1969,
1728,,1969,
1730,,1969,
1731,,,
1732,,1969,
1733,,1969,
1734,,,
1740,,1970,
1752,,,
1754,,,
1755,,,
1762,,,
1763,,1970,
1764,,1970,
1765,,1970,
1766,,,
1767,,1970,
1768,,,
1769,,1970,
1770,,,
1771,,1968,
1772,,,
1773,,,
1774,,1970,
1775,,1970,
1776,,,
1777,,1970,
1778,,,
1779,,1970,
1780,,1970,
1781,,1970,
1782,,1970,
1783,,,
1784,,1970,
1785,,1970,
1786,,1970,
1787,,1970,
1788,,1970,
1789,,,
1790,,1970,
1791,,1970,
1792,,1970,
1793,,1970,
1794,,1970,
1795,,,
1796,,1970,
1797,,1970,
1798,,1970,
1799,,1970,
1800,,1970,
1801,,1970,
1802,,1970,
1803,,1970,
1804,,1970,
1805,,1970,
1806,,1970,
1807,,1970,
1808,,1970,
1809,,,
1810,,1970,
1811,,1970,
1812,,1970,
1813,,1970,
1814,,1970,
1815,,1970,
1816,,1970,
1817,,1970,
1818,,,
1819,,,
1820,,1970,
1821,,1970,
1822,,1970,
1823,,1970,
1824,,1970,
1825,,1970,
1826,,1970,
1827,,1970,
1828,,1970,
1829,,1970,
1830,,1967,
1831,,,
1832,,,
1833,,1967,
1834,,1967,
1835,,1966,
1836,,1967,
1837,,1967,
1838,,1967,
1839,,1967,
1840,,1967,
1841,,1966,
1842,,1966,
1843,,,
1844,,,
1845,,1967,
1846,,1967,
1847,,,
1848,,1969,
1850,,1967,
1851,199,,
1852,,,
1853,,1967,
1854,,1967,
1855,,1967,
1856,,,
1857,,,
1858,,1966,
1859,,,
1860,,1966,
1861,,,
1862,,,
1863,,1967,
1864,,1966,
1865,,,
1866,,1967,
1867,,,
1868,,,
1869,,,
1870,,,
1871,,,
1872,,,
1873,,,
1874,,1966,
1875,,,
1876,,,
1877,,,
1878,,1966,
1879,,1966,
1880,,,
1881,,,
1882,,1966,
1883,,1966,
1884,,,
1885,,,
1886,,1966,
1887,,1966,
1888,,1967,
1889,,,
1890,,,
1891,,,
1892,,1966,
1893,,,
1894,,,
1895,,1966,
1896,,1967,
1897,,,
1898,,,
1899,,,
1900,,,
1901,,,
1902,,,
1903,,,
1904,,,
1905,,,
1906,,,
1907,,1966,
1908,,1966,
1909,,1967,
1910,,1967,
1911,,1967,
1912,,1967,
1913,,1967,
1914,,1967,
1915,,,
1916,,,
1917,,,
1918,,,
1919,,,
1920,,,
1921,,,
1922,,,
1923,,,
1924,,,
1925,,,
1926,,,
1927,,,
1928,,,
1929,,,
1930,,1967,
1931,,1967,
1932,,1966,
1933,,,
1934,,1966,
1935,,,
1936,,1966,
1937,,1966,
1938,,1967,
1939,,1967,
1940,,1966,
1941,,1966,
1942,,1967,
1943,,1966,
1944,,,
1945,,1966,
1946,,,
1947,,,
1948,,1967,
1949,,,
1950,,1966,
1951,,1966,
1952,,,
1953,,,
1954,,,
1955,,,
1956,,,
1957,,,
1958,,1966,
1959,,,
1960,,,
1961,,,
1962,,,
1963,,,
1964,,,
1965,,,
1966,,,
1967,,,
1968,,,
1969,,,
1970,,,
1971,,,
1972,,,
1973,,,
1974,,,
1975,,,
1976,,,
1977,,,
1978,,,
1979,,1967,
1980,,,
1981,,1966,
1982,,1966,
1983,,1967,
1984,,,
1985,,1966,
1986,,1966,
1987,,,
1988,,,
1989,,1966,
1990,,1967,
1991,,,
1992,,1967,
1993,,1966,
1994,,1966,
1995,,1966,
1996,,1966,
1997,,1966,
1998,,1966,
1999,,1968,
2000,,,
2001,,,
2002,,1968,
2003,,,
2004,,1969,
2005,,1969,
2006,,,
2007,,,
2008,,1969,
2009,,1969,
2010,,1969,
2011,,1969,
2012,,1969,
2013,,,
2014,,,
2015,,,
2016,,1969,
2017,,1969,
2018,,1969,
2019,,1969,
2020,,1969,
2021,,1969,
2022,,1969,
2023,,,
2024,,1969,
2025,,1967,
2026,,,
2027,,1967,
2028,,1967,
2029,,1967,
2030,,1967,
2031,,,
2032,,1966,
2033,,,
2034,,,
2035,,,
2036,,,
2037,,,
2038,,1965,
2039,,,
2040,,,
2041,,,
2042,,1966,
2043,,1966,
2044,,,
2046,,1965,
2047,,1966,
2048,,1966,
2049,,1966,
2050,,1966,
2051,,,
2052,,1966,
2053,,1966,
2054,,,
2055,,1966,
2056,,1966,
2057,,1966,
2058,,1966,
2059,,1966,
2060,,,
2062,,1965,
2063,,1965,
2064,,1966,
2065,,1966,
2066,,,
2067,,1965,
2068,,,
2069,,,
2070,,,
2071,,,
2072,,,
2073,,,
2074,,,
2075,,1966,
2076,,1966,
2077,,1966,
2078,,1966,
2079,,1965,
2080,,,
2081,,,
2082,,,
2083,,1966,
2085,,1966,
2086,,1966,
2087,,1966,
2089,,1966,
2090,,1966,
2091,,1966,
2092,,,
2093,,1966,
2094,,,
2095,,1966,
2096,,1966,
2097,,1965,
2098,,1965,
2099,,1966,
2100,,1966,
2101,,,
2102,,1965,
2103,,,
2104,,,
2105,,1965,
2106,,1965,
2107,,,
2108,,,
2109,,,
2110,,1965,
2111,,1965,
2112,,,
2113,,1966,
2114,,,
2115,,1965,
2116,,,
2117,,,
2118,,1966,
2120,,,
2121,,1966,
2122,,1965,
2123,,1966,
2126,,1965,
2127,,1966,
2128,,1965,
2129,,1966,
2130,,1965,
2132,,1966,
2133,,1966,
2134,,1966,
2135,,,
2136,,1966,
2137,,1965,
2138,,,
2139,,,
2140,,,
2141,,,
2142,,1965,
2143,,1965,
2144,,,
2145,,1965,
2146,,1966,
2147,,1966,
2148,,1966,
2149,,1966,
2150,,1966,
2151,,1966,
2152,,1966,
2153,,1966,
2154,,1966,
2155,,1966,
2156,,1966,
2158,,1966,
2159,,,
2160,,1966,
2161,,,
2162,,,
2163,,,
2165,,1965,
2166,,1966,
2167,,1966,
2168,,,
2169,,,
2170,,,
2171,,,
2172,,1966,
2173,,1966,
2174,,1966,
2176,,1966,
2177,,,
2178,,1966,
2179,,1966,
2180,,1966,
2181,,1966,
2182,,1965,
2183,,1966,
2184,,,
2185,,1966,
2186,,1966,
2187,,1966,
2188,,1965,
2189,,1965,
2190,,1965,
2191,,1966,
2193,,,
2194,,,
2195,,1965,
2196,,1966,
2197,,1966,
2198,,1966,
2199,,1966,
2200,,1966,
2201,,1966,
2202,,1966,
2203,,1966,
2204,,1966,
2205,,,
2206,,1966,
2207,,1966,
2208,,1966,
2210,,1966,
2211,,1966,
2212,,1966,
2214,,1966,
2215,,1966,
2217,,1965,
2218,,1966,
2219,,,
2220,,1966,
2222,,1966,
2223,383,1966,
2224,,1966,
2226,,,
2227,,1966,
2228,,1966,
2229,,1966,
2230,,1966,
2231,,1966,
2232,404,1966,
2233,,1966,
2234,,1966,
2235,,,
2236,,1966,
2237,,1966,
2238,,1966,
2239,,1966,
2240,,1966,
2242,,1966,
2243,,1966,
2244,,1966,
2245,,1966,
2246,,1966,
2247,,1966,
2248,,1966,
2249,,,
2250,,1966,
2251,,1966,
2252,,1967,
2253,,1966,
2254,,1966,
2255,,1966,
2256,,1967,
2257,,,
2258,,1967,
2259,,1966,
2260,,1967,
2261,,1967,
2262,,1966,
2263,,1967,
2264,,1967,
2265,,1966,
2266,,1967,
2267,,1967,
2268,,,
2269,,,
2270,,1967,
2271,,1967,
2272,,1966,
2273,,1966,
2274,,1967,
2275,,,
2276,,,
2277,,1966,
2278,,,
2279,,1967,
2280,,,
2281,,1966,
2282,,,
2283,,1967,
2284,,,
2285,,1966,
2286,,1967,
2287,,1966,
2288,,1966,
2289,,1966,
2290,,1966,
2291,,1966,
2292,,1966,
2293,,1967,
2294,,1967,
2295,,1967,
2296,,1967,
2297,,1967,
2298,,1967,
2299,,1967,
2300,,1967,
2301,,1967,
2302,,1967,
2303,,1967,
2304,,,
2305,,1967,
2306,,1967,
2307,,1967,
2308,,,
2309,,,
2310,,1967,
2311,,1967,
2312,,1966,
2313,,,
2314,,,
2315,,1967,
2316,,1967,
2317,,1967,
2318,,1967,
2319,,1967,
2320,,,
2321,,1967,
2322,,1967,
2323,,1967,
2324,,1967,
2325,,1967,
2326,,1967,
2327,,,
2328,,1966,
2329,,,
2330,,,
2331,,,
2332,,1967,
2333,,,
2334,,1967,
2335,,,
2336,,,
2337,,1967,
2338,,,
2339,,1967,
2340,,,
2341,,1967,
2342,,1967,
2343,,1967,
2344,,1967,
2345,,,
2346,,,
2347,,,
2348,,1967,
2349,,1967,
2350,,,
2351,,,
2352,,1967,
2353,,1967,
2354,,,
2355,,,
2356,,1967,
2357,,1967,
2358,,,
2359,,1967,
2360,,,
2361,,1967,
2362,,,
2363,,1967,
2364,,1966,
2365,,1967,
2366,,1967,
2367,,1967,
2368,,1967,
2369,,,
2370,,1967,
2371,,1967,
2372,,1967,
2374,,,
2375,,1966,
2376,,1967,
2377,,1966,
2378,,1967,
2379,,1967,
2380,,,
2382,,1967,
2383,,,
2384,,1967,
2385,,1967,
2386,,1966,
2387,,1967,
2388,,1967,
2389,,1966,
2390,,1967,
2391,,,
2392,,,
2393,,1967,
2395,,1966,
2396,,,
2397,,,
2398,,,
2399,,,
2400,,,
2401,,,
2402,,,
2403,,,
2404,,,
2405,,,
2406,,,
2407,,,
2408,,1966,
2409,,1966,
2410,,1966,
2411,,,
2412,,,
2413,,,
2414,,,
2416,,,
2417,,,
2420,,1967,
2421,,1967,
2422,,,
2423,,,
2424,,1967,
2425,,,
2426,,,
2427,,,
2428,,,
2429,,,
2430,,1967,
2431,,,
2432,,,
2433,,,
2434,,,
2435,,,
2437,,,
2438,,,
2439,,1967,
2440,,1967,
2441,,1967,
2442,,,
2445,,1967,
2447,,,
2448,,1967,
2449,,,
2450,,,
2451,,1967,
2452,,,
2454,,,
2455,,,
2456,,,
2457,,1967,
2458,,1968,
2459,,1968,
2460,,1967,
2461,,1967,
2462,,,
2463,,1967,
2464,,,
2465,,1967,
2466,,1968,
2467,,1968,
2468,,1968,
2469,,,
2470,,,
2471,,1968,
2472,,1968,
2473,,1968,
2474,,1968,
2475,,1968,
2476,,,
2477,,,
2478,,,
2479,,1967,
2480,,,
2481,,1968,
2482,,1968,
2483,,1967,
2485,,,
2486,,,
2487,,1967,
2488,,,
2489,,,
2490,,,
2491,,1968,
2492,,,
2493,,,
2494,,,
2495,,1967,
2496,,1968,
2497,,1968,
2498,,1968,
2499,,1968,
2500,,,
2501,,1968,
2502,,1968,
2503,,,
2504,,1968,
2505,,1968,
2506,,1968,
2507,,1968,
2508,,1968,
2509,,1968,
2510,,,
2511,,1968,
2512,,,
2513,,1968,
2514,,1968,
2515,,,
2516,,,
2517,,,
2518,,1967,
2519,,,
2520,,,
2521,,1968,
2522,,1968,
2523,,1968,
2524,,1968,
2525,,1968,
2526,,1968,
2527,,,
2528,,1967,
2529,,1968,
2530,,,
2531,,,
2532,,,
2533,,,
2534,,,
2535,,,
2536,,,
2537,,,
2538,,,
2539,,,
2540,,1968,
2541,,1968,
2542,,1968,
2543,,1968,
2544,,1968,
2545,,1968,
2546,,1967,
2547,,1967,
2548,,,
2550,,,
2552,,1967,
2553,,1968,
2554,,1968,
2555,,,
2556,,,
2557,,,
2558,,380,
2559,,1967,
2560,,1968,
2561,,1967,
2562,,,
2563,,1968,
2564,,1967,
2565,,,
2566,,,
2567,,,
2568,,,
2569,,1968,
2570,,1968,
2571,,1968,
2572,,,
2573,,,
2574,,,
2575,,1968,
2576,,1967,
2577,,1967,
2578,,1967,
2579,,1968,
2580,,1968,
2581,,1968,
2582,,1968,
2583,,1968,
2584,,1968,
2585,,1968,
2586,,,
2587,,1968,
2588,,1967,
2589,,1968,
2590,,1967,
2591,,,
2592,,,
2593,,1967,
2594,,1968,
2595,,1968,
2596,,,
2597,,1968,
2598,,1968,
2599,,,
2600,,1968,
2601,,1968,
2602,,1968,
2603,,,
2604,,,
2605,,1968,
2606,,1968,
2607,,1968,
2608,,1968,
2609,,1968,
2611,,1968,
2612,,1968,
2613,,1968,
2614,,,
2615,,1968,
2616,,1968,
2617,,1968,
2618,,1967,
2619,,1967,
2620,,1967,
2621,,1967,
2622,,1967,
2623,,1967,
2624,,,
2625,,,
2627,,,
2628,,1968,
2629,,,
2630,,,
2631,,,
2632,,,
2633,,1968,
2634,,1968,
2635,,1968,
2636,,,
2637,,,
2638,,,
2639,,1968,
2640,,1968,
2641,,,
2642,,1968,
2643,,1968,
2644,,,
2645,,,
2646,,1968,
2647,,1969,
2648,,1968,
2649,,1969,
2650,,,
2651,,1969,
2652,,1968,
2653,,1969,
2654,,1969,
2655,,1969,
2656,,1969,
2657,,1969,
2658,,1969,
2659,,,
2660,,1968,
2661,,1968,
2662,,1969,
2663,,1969,
2664,,1969,
2665,,1969,
2666,,1969,
2667,,1969,
2668,,1969,
2669,,1969,
2670,,1969,
2671,,,
2672,,1969,
2673,,1969,
2674,,1969,
2675,,1969,
2676,,,
2677,,1969,
2678,,1969,
2679,,1969,
2680,,1969,
2681,,1969,
2682,,1969,
2683,,1969,
2684,,1969,
2685,,1969,
2686,,,
2687,,,
2688,,,
2689,,1969,
2690,,1969,
2691,,1969,
2692,,,
2693,,,
2694,,1969,
2695,,,
2696,,1969,
2697,,,
2698,,,
2699,,,
2700,,,
2701,,1969,
2702,,,
2703,,1969,
2704,,1969,
2705,,,
2706,,1969,
2707,,1969,
2708,,1969,
2709,,1969,
2710,,,
2711,,1969,
2712,,,
2713,,,
2714,,1969,
2715,,,
2716,,30370,
2717,,,
2718,,,
2719,,,
2720,,1969,
2723,,,
2724,,1969,
2725,,,
2726,,1969,
2727,,,
2729,,,
2730,,1969,
2731,,1969,
2732,,,
2733,,,
2734,,,
2735,,1969,
2736,,1969,
2737,,,
2738,,1969,
2739,,,
2740,,,
2741,,1969,
2742,,,
2743,,1969,
2744,,,
2747,,,
2748,,1969,
2749,,,
2750,,1969,
2751,,1969,
2752,,,
2753,,,
2754,,,
2755,,1969,
2756,,1969,
2757,,1969,
2758,,1969,
2759,,,
2760,,,
2761,,,
2762,,,
2763,,,
2764,,,
2765,,,
2766,,,
2767,,,
2768,,,
2769,,,
2770,,,
2771,,,
2772,,,
2773,,,
2774,,,
2775,,,
2776,,,
2777,,,
2778,,,
2779,,,
2780,,,
2781,,,
2782,,,
2783,,,
2784,,,
2785,,,
2786,,,
2787,,,
2788,,,
2789,,1969,
2790,,1969,
2791,,,
2792,,,
2793,,1969,
2794,,,
2795,,,
2796,,,
2797,,,
2798,,1969,
2799,,1969,
2800,,,
2801,,,
2802,,,
2803,,,
2804,,,
2805,,1969,
2806,,1969,
2807,,1969,
2808,,,
2811,,,
2812,,1969,
2813,,1969,
2814,,,
2816,,,
2817,,1969,
2818,,1969,
2819,,1969,
2820,,,
2821,,1969,
2822,,,
2823,,,
2824,,,
2825,,,
2826,,,
2827,,,
2828,,1969,
2829,,,
2830,,,
2831,,1969,
2832,,,
2833,,1969,
2834,,1969,
2835,,1969,
2836,,,
2837,,,
2838,,1969,
2839,,1969,
2840,,1969,
2841,,,
2842,,1969,
2843,,,
2844,,1969,
2845,,1969,
2846,,,
2847,,1969,
2848,,1969,
2849,,,
2850,,,
2851,,1969,
2852,,1969,
2853,,1969,
2855,,1969,
2856,,1969,
2857,,1969,
2858,,1969,
2859,,1969,
2860,,1969,
2861,,1969,
2862,,1969,
2863,,1969,
2864,,,
2865,,,
2866,,1969,
2867,,1969,
2868,,1969,
2869,,1969,
2870,,1969,
2871,,1969,
2872,,,
2873,,1969,
2874,,1969,
2875,,1969,
2876,,1969,
2877,,,
2878,,,
2879,,1969,
2880,,,
2881,,1969,
2882,,1969,
2883,,1969,
2884,,,
2885,,,
2886,,1969,
2887,,1970,
2888,,,
2889,,1969,
2890,,1969,
2891,,1969,
2892,,,
2893,,1970,
2894,,1969,
2895,,,
2896,,1970,
2897,,1970,
2898,,1970,
2899,,,
2900,,,
2901,,1970,
2902,,1969,
2903,,,
2904,,,
2905,,1970,
2906,,1970,
2907,,,
2908,,,
2909,,,
2910,,,
2911,,1970,
2912,,1970,
2913,,1970,
2914,,1970,
2915,,1969,
2916,,1970,
2917,,1969,
2918,,,
2919,,1969,
2920,,,
2921,,,
2922,,1970,
2923,,1970,
2924,,1970,
2926,,1970,
2927,,,
2928,,,
2929,,,
2930,,1969,
2931,,1970,
2932,,1969,
2933,,,
2934,,1969,
2935,,1969,
2937,,,
2938,,,
2939,,1970,
2940,,,
2941,,1970,
2942,,1970,
2943,,,
2944,,,
2945,,,
2946,,,
2947,,,
2948,,1970,
2949,,,
2950,,,
2951,,,
2952,,,
2953,,1970,
2954,,,
2955,,,
2956,,,
2957,,,
2958,,1969,
2959,,,
2960,,,
2961,,,
2962,,,
2963,,,
2964,,,
2965,,,
2966,,,
2967,,,
2968,,1969,
2969,,,
2970,,,
2971,,,
2972,,1969,
2973,,1969,
2974,,,
2975,,,
2976,,,
2977,,,
2978,,,
2979,,,
2980,,,
2981,,,
2982,,1969,
2983,,,
2984,,,
2985,,1970,
2986,,1970,
2987,,,
2988,,1970,
2989,,1970,
2990,,,
2991,,1970,
2992,,1970,
2993,,,
2994,,1970,
2995,,,
2996,,,
2997,,1969,
2998,,,
2999,,1970,
3000,,,
3001,,,
3003,,,
3004,,,
3005,,1969,
3006,,1970,
3007,,,
3008,,,
3009,,,
3010,,1970,
3011,,,
3012,,1969,
3013,,,
3014,,,
3015,,,
3016,,1970,
3017,,,
3018,,,
3019,,1969,
3020,,,
3021,,,
3022,,,
3023,,,
3024,,1969,
3025,,1970,
3026,,,
3027,,1970,
3028,,1969,
3029,,,
3030,,,
3031,,,
3032,,1970,
3033,,,
3034,,,
3035,,1970,
3036,,,
3037,,,
3038,,1969,
3039,,,
3040,,1970,
3041,,1969,
3042,,1970,
3043,,,
3044,,1969,
3045,,,
3046,,,
3047,,1970,
3048,,1970,
3050,,1970,
3051,,1970,
3052,,1970,
3053,,1970,
3054,,,
3055,,,
3057,,,
3058,,,
3059,,1969,
3060,,,
3061,,,
3062,,,
3063,,,
3064,,1970,
3065,,1969,
3066,,,
3067,,,
3068,,,
3069,,,
3070,,1969,
3071,,,
3072,,1970,
3073,,1970,
3074,,,
3075,,1970,
3076,,,
3077,,,
3078,,,
3079,,1969,
3080,,,
3081,,,
3082,,,
3083,,1969,
3084,,,
3085,,,
3086,,1969,
3087,,,
3088,,,
3089,,,
3090,,,
3091,,,
3092,,1969,
3093,,,
3094,,1969,
3095,,1969,
3096,,1969,
3097,,1969,
3098,,,
3099,,,
3100,,1969,
3101,,,
3102,,1969,
3103,,,
3104,,,
3105,,,
3106,,,
3107,,,
3108,,,
3109,,,
3110,,,
3111,,,
3112,,1969,
3113,,1969,
3114,,1969,
3115,,,
3116,,,
3117,,1969,
3118,,1969,
3119,,,
3120,,,
3121,,,
3122,,1969,
3123,,1969,
3124,,,
3125,,,
3126,,1970,
3127,,1970,
3128,,1970,
3129,,,
3130,,1970,
3131,,1970,
3132,,1970,
3133,,1970,
3134,,1970,
3135,,1970,
3136,,,
3137,,1970,
3138,,,
3139,,1970,
3140,,,
3141,,1970,
3142,,1969,
3143,,,
3144,,1970,
3145,,,
3146,,1970,
3147,,,
3148,,1970,
3149,,,
3150,,,
3151,,,
3152,,,
3153,,,
3154,,1970,
3155,,,
3156,,,
3157,,1970,
3158,,,
3159,,,
3160,,,
3161,,,
3162,,,
3163,,,
3164,,,
3165,,,
3166,,,
3167,,,
3168,,,
3169,,1970,
3170,,1970,
3171,,,
3172,,1970,
3173,,1970,
3174,,1969,
3175,,1970,
3176,,1970,
3177,,,
3178,,,
3179,,,
3180,,1969,
3181,,,
3182,,,
3183,,,
3184,,1969,
3185,,1970,
3186,,,
3187,,,
3188,,,
3189,,,
3190,,,
3191,,1969,
3192,,1970,
3193,,,
3194,,,
3195,,,
3196,,1970,
3197,,1970,
3198,,1970,
3199,,1970,
3200,,1970,
3201,,1970,
3202,,1970,
3203,,1970,
3204,,1970,
3205,,1970,
3207,,,
3208,,1970,
3209,,,
3210,,1969,
3211,,,
3212,,1970,
3213,,1970,
3214,,,
3215,,1969,
3216,,1970,
3217,,1970,
3218,,1970,
3219,,1970,
3220,,,
3221,,,
3222,,,
3223,,1969,
3224,,,
3225,,1969,
3226,,1970,
3227,,1969,
3228,,,
3229,,,
3230,,,
3231,,,
3232,,1970,
3233,,,
3234,,1970,
3235,,,
3236,,,
3237,,,
3238,,1970,
3239,,,
3240,,1969,
3241,,,
3242,,,
3243,,1970,
3244,,,
3245,,,
3246,,1970,
3247,,,
3248,,1970,
3249,,1970,
3250,,1970,
3251,,1970,
3252,,1970,
3253,,1970,
3254,,1970,
3255,,1970,
3256,,1970,
3257,,,
3258,,1970,
3259,,1969,
3260,,,
3261,,,
3262,,,
3263,,1970,
3264,,1970,
3265,,1970,
3266,,1970,
3267,,,
3268,,,
3269,,,
3270,,,
3271,,1969,
3272,,,
3273,,1969,
3274,,1969,
3275,,,
3276,,,
3277,,,
3278,,,
3279,,,
3280,,1970,
3281,,1970,
3282,,,
3283,,1970,
3284,,1970,
3285,,1970,
3286,,,
3287,,,
3288,,1969,
3289,,1970,
3290,,1970,
3291,,,
3292,,,
3293,,,
3294,,,
3295,,1970,
3296,,1969,
3297,,,
3298,,1969,
3299,,1970,
3300,,,
3301,,,
3302,,,
3303,,1970,
3304,,,
3305,,,
3306,,,
3307,,,
3308,,,
3309,,1970,
3310,,,
3311,,,
3312,,,
3313,,,
3314,,,
3315,,1969,
3316,,1970,
3317,,1970,
3318,,,
3319,,1969,
3320,,,
3321,,1969,
3322,,,
3323,,,
3324,,,
3325,,1970,
3326,,,
3327,,,
3328,,,
3329,,,
3330,,,
3331,,,
3332,,,
3333,,1969,
3334,,1969,
3335,,,
3336,,,
3337,,,
3338,,,
3339,,,
3340,,,
3341,,,
3342,,1970,
3343,,1970,
3344,,1970,
3345,,1970,
3346,,,
3347,,1969,
3348,,,
3349,,1970,
3350,,1970,
3351,,1970,
3352,,,
3353,,,
3354,,1970,
3355,,1970,
3356,,1970,
3357,,1969,
3358,,1970,
3359,,1970,
3360,,1970,
3361,,,
3362,,1970,
3363,,1970,
3364,,,
3365,,,
3366,,1970,
3367,,,
3368,,1970,
3369,,,
3370,,1970,
3371,,1970,
3372,,,
3373,,1969,
3374,,1970,
3375,,1969,
3376,,1970,
3377,,1970,
3378,,1970,
3379,,1970,
3380,,1970,
3381,,,
3382,,1970,
3383,,1970,
3384,,,
3385,,,
3386,,1970,
3387,,,
3388,,,
3389,,,
3390,,,
3391,,,
3392,,1970,
3393,,,
3394,,,
3395,,1970,
3396,,1969,
3397,,,
3398,,1970,
3399,,1969,
3400,,,
3401,,1970,
3402,,,
3403,,1970,
3404,,1969,
3405,,1970,
3406,,1970,
3407,,1970,
3408,,1970,
3409,,1970,
3410,,1969,
3411,,1969,
3412,,,
3413,,,
3414,,1970,
3415,,1970,
3416,,1970,
3417,,1970,
3418,,1970,
3419,,1970,
3420,,1970,
3422,,1970,
3423,,,
3424,,,
3425,,1970,
3426,,1969,
3427,,,
3428,,,
3429,,1970,
3430,,,
3431,,1970,
3432,,,
3433,,,
3434,,1970,
3435,,1970,
3436,,,
3437,,1970,
3438,,1970,
3439,,,
3440,,1969,
3441,,1969,
3442,,,
3443,,1970,
3444,,1970,
3445,,,
3446,,1970,
3447,,1970,
3448,,,
3449,,,
3450,,1970,
3451,,1970,
3452,,,
3453,,1970,
3454,,1970,
3455,,,
3456,,,
3457,,1970,
3458,,,
3459,,,
3460,,1970,
3461,,,
3462,,1970,
3463,,1970,
3464,,1970,
3465,,1970,
3466,,,
3467,,,
3468,,1970,
3469,,1970,
3470,,,
3471,,1970,
3472,,1970,
3473,,1970,
3474,,1970,
3475,,1970,
3476,,1969,
3477,,,
3478,,,
3479,,1970,
3480,,,
3481,,,
3482,,1970,
3483,,,
3484,,,
3485,,,
3486,,,
3487,,1970,
3488,,1970,
3489,,,
3490,,1970,
3491,,1970,
3492,,1970,
3493,,1970,
3494,,,
3495,,1970,
3496,,1970,
3497,,,
3498,,1970,
3499,,,
3500,,,
3501,,1970,
3502,,1970,
3503,,1970,
3504,,1970,
3505,,1970,
3506,,1970,
3507,,1970,
3508,,1970,
3509,,1970,
3510,,1969,
3511,,,
3512,,,
3513,,,
3514,,1969,
3515,,,
3516,,,
3517,,,
3518,,,
3519,,,
3520,,,
3521,,,
3522,,1969,
3523,,,
3524,,,
3525,,1970,
3526,,1970,
3527,,1970,
3528,,1970,
3529,,1970,
3530,,1970,
3531,,1970,
3532,,1970,
3533,,1970,
3534,,1970,
3535,,1970,
3536,,1970,
3537,,1970,
3538,,1970,
3539,,1970,
3540,,1970,
3541,,1970,
3542,,1970,
3543,,1970,
3544,,1970,
3545,,1970,
3546,,1970,
3548,,1970,
3549,,1970,
3550,,1970,
3551,,1970,
3552,,1970,
3553,,1970,
3554,,1970,
3555,,1970,
3556,,1970,
3557,,1970,
3558,,1970,
3559,,1970,
3560,,1970,
3561,,1970,
3562,,1970,
3563,,1970,
3564,,1970,
3565,,1970,
3566,,1970,
3567,,1970,
3568,,1970,
3569,,1970,
3570,,1970,
3571,,1970,
3572,,1970,
3573,,1970,
3574,,1970,
3575,,1970,
3576,,1970,
3577,,1970,
3578,,1970,
3579,,1970,
3580,,1970,
3581,,1970,
3582,,1970,
3583,,1970,
3584,,1970,
3585,,1970,
3586,,1970,
3587,,1970,
3589,,1970,
3590,,1970,
3591,,1970,
3592,,1970,
3593,,1970,
3594,,1970,
3595,,1970,
3596,,1970,
3597,,1970,
3598,,1970,
3599,,1970,
3600,,1970,
3601,,1970,
3602,,1970,
3603,,1970,
3604,,1970,
3605,,1970,
3606,,1970,
3607,,1970,
3608,,1970,
3609,,1970,
3610,,1970,
3611,,1970,
3612,,1970,
3613,,1970,
3614,,1970,
3615,,1970,
3616,,1970,
3617,,1970,
3618,,1970,
3619,,1970,
3620,,1970,
3621,,1970,
3622,,1970,
3623,,1970,
3624,,1970,
3625,,1970,
3626,,1970,
3627,,1970,
3628,,1970,
3629,,1970,
3630,,1970,
3631,,1970,
3632,,1970,
3633,,1970,
3634,,1970,
3635,,1970,
3636,,1970,
3637,,1970,
3638,,1970,
3639,,1970,
3640,,1970,
3641,,1970,
3642,,1970,
3643,,1970,
3644,,1970,
3645,,1970,
3646,,1970,
3647,,1970,
3648,,1970,
3649,,1970,
3650,,1970,
3651,,1970,
3652,,1970,
3653,,1970,
3654,,1970,
3655,,1970,
3656,,1970,
3657,,1970,
3658,,1970,
3659,,1970,
3660,,1970,
3661,,1970,
3662,,1970,
3663,,1970,
3664,,1970,
3665,,1970,
3666,,1970,
3667,,1970,
3668,,1970,
3669,,1970,
3670,,1970,
3671,,1970,
3672,,1970,
3673,,1970,
3674,,1970,
3675,,1970,
3676,,1970,
3677,,1970,
3678,,1970,
3679,,1969,
3680,,1969,
3681,,1969,
3682,,1969,
3683,,1969,
3684,,,
3685,,1969,
3686,,1969,
3687,,1969,
3688,,1969,
3689,,1969,
3690,,,
3691,,,
3692,,,
3693,,1969,
3694,,,
3695,,,
3696,,,
3697,,,
3698,,,
3699,,,
3700,,,
3701,,,
3702,,,
3703,,,
3704,,,
3705,,,
3706,,,
3707,,,
3708,,1969,
3709,,,
3710,,,
3711,,,
3712,,,
3713,,,
3714,,,
3715,,,
3716,,,
3717,,,
3718,,,
3719,,,
3720,,,
3721,,,
3722,,,
3723,,,
3724,,1969,
3725,,,
3726,,,
3727,,,
3728,,,
3729,,,
3730,,,
3731,,,
3732,,,
3733,,,
3734,,,
3735,,,
3736,,,
3737,,,
3738,,,
3739,,,
3740,,,
3741,,,
3742,,,
3743,,,
3744,,,
3745,,,
3746,,,
3747,,,
3748,,,
3749,,,
3750,,,
3751,,,
3752,,,
3753,,1969,
3754,,,
3755,,,
3756,,,
3757,,,
3758,,,
3759,,1969,
3760,,1969,
3761,,1969,
3762,,,
3763,,,
3764,,1969,
3765,,1969,
3766,,,
3767,,,
3768,,,
3769,,,
3770,,,
3771,,,
3772,,1969,
3773,,,
3774,,,
3775,,,
3776,,,
3777,,1969,
3778,,1969,
3779,,,
3780,,1969,
3781,,1969,
3782,,,
3783,,1969,
3784,,1969,
3785,,,
3786,,,
3787,,1970,
3788,,1970,
3789,,1969,
3791,,,
3792,,,
3793,,1970,
3794,,1969,
3795,,,
3796,,,
3797,,1969,
3798,,,
3799,,,
3800,,1970,
3801,,,
3802,,,
3803,,1969,
3804,,1970,
3805,,1970,
3806,,1970,
3807,,1970,
3808,,1970,
3809,,1970,
3810,,,
3811,,1970,
3812,,1970,
3813,,,
3814,,1970,
3815,,1970,
3816,,1970,
3817,,1970,
3818,,1970,
3819,,1970,
3820,,1969,
3821,,1970,
3822,,1970,
3823,,1970,
3824,,1970,
3825,,1970,
3826,,1970,
3827,,1970,
3828,,,
3829,,1970,
3830,,1970,
3831,,,
3832,,1970,
3833,,1970,
3834,,,
3835,,1970,
3836,,,
3837,,1970,
3838,,1970,
3839,,1970,
3840,,1970,
3841,,1970,
3842,,1970,
3843,,1970,
3844,,,
3845,,,
3846,,,
3847,,1970,
3848,,,
3849,,1970,
3850,,1970,
3851,,1970,
3852,,1970,
3853,,1970,
3854,,,
3855,,1970,
3856,,1970,
3857,,1970,
3858,,1970,
3859,,1970,
3860,,1970,
3861,,1970,
3862,,1970,
3863,,1970,
3864,,1970,
3865,,1970,
3866,,1970,
3867,,,
3868,,,
3869,,1970,
3870,,,
3871,,1970,
3872,,,
3873,,,
3874,,1970,
3875,,1970,
3876,,1970,
3877,,1970,
3878,,1970,
3879,,1970,
3880,,,
3881,,1970,
3882,,1970,
3883,,,
3884,,1970,
3885,,,
3886,,1970,
3887,,,
3888,,1970,
3889,,1970,
3890,,,
3891,,1970,
3892,,1970,
3893,,1970,
3894,,1970,
3895,,1970,
3896,,,
3897,,1970,
3898,,1970,
3899,,1970,
3900,,1970,
3901,,1970,
3902,,1970,
3903,,1970,
3904,,1970,
3905,,1970,
3906,,1970,
3907,,1970,
3908,,1970,
3909,,1970,
3910,,1970,
3911,,1970,
3912,,1970,
3913,,1970,
3914,,,
3915,,1970,
3916,,1971,
3917,,1969,
3918,,,
3919,,1969,
3920,,1971,
3921,,1971,
3922,,1971,
3923,,,
3924,,1971,
3925,,1970,
3926,,1970,
3927,,1970,
3928,,1970,
3929,,1970,
3930,,1970,
3931,,1970,
3932,,1970,
3933,,1970,
3934,,1970,
3935,,1970,
3936,,1971,
3937,,1970,
3938,,1970,
3939,,1970,
3940,,,
3941,,,
3942,,,
3943,,,
3944,,,
3945,,,
3946,,,
3947,,1970,
3948,,,
3949,,,
3950,,1970,
3951,,1970,
3952,,1970,
3953,,1971,
3954,,1971,
3955,,1971,
3956,,1971,
3957,,,
3958,,1970,
3959,,,
3960,,1971,
3961,,1971,
3962,,1971,
3963,,1971,
3964,,1971,
3965,,,
3966,,1970,
3967,,,
3968,,,
3969,,,
3970,,,
3971,,1971,
3972,,1971,
3973,,1971,
3974,,,
3975,,,
3976,,1971,
3977,,,
3978,,1971,
3979,,,
3980,,1971,
3981,,1971,
3982,,1971,
3983,,1971,
3984,,1971,
3985,,1971,
3986,,1971,
3987,,1971,
3988,,1970,
3989,,1971,
3990,,1971,
3991,,1970,
3992,,1970,
3993,,,
3994,,,
3995,,1971,
3996,,1971,
3997,,,
3998,,1971,
3999,,1971,
4000,,1971,
4001,,1971,
4002,,1971,
4003,,1971,
4004,,1971,
4005,,1971,
4006,,1971,
4007,,1971,
4008,,1971,
4009,,1970,
4010,,1970,
4011,,,
4012,,,
4013,,1970,
4014,,,
4015,,,
4016,,,
4017,,1971,
4018,,1971,
4019,,1971,
4020,,1970,
4021,,,
4022,,,
4023,,,
4024,,1971,
4025,,1971,
4026,,,
4027,,,
4028,,,
4029,,,
4030,,,
4031,,1971,
4032,,,
4033,,1971,
4034,,1971,
4035,,1971,
4036,,1971,
4037,,1970,
4038,,1971,
4039,,,
4040,,1970,
4041,,1971,
4042,,1971,
4043,,1971,
4044,,1971,
4045,,1971,
4046,,,
4047,,,
4048,,,
4049,,,
4050,,,
4051,,,
4052,,,
4053,,1971,
4054,,,
4055,,1970,
4056,,,
4057,,,
4058,,,
4059,,1970,
4060,,1971,
4061,,1971,
4062,,1971,
4063,,1971,
4064,,1971,
4065,,1971,
4066,,1971,
4067,,1971,
4068,,1971,
4071,,1971,
4072,,1971,
4073,,1971,
4074,,1971,
4075,,,
4076,,1971,
4077,,,
4078,,1971,
4079,,1971,
4080,,1971,
4081,,1971,
4082,,1971,
4083,,1971,
4084,,1971,
4085,,1971,
4086,,1971,
4087,,1971,
4088,,1971,
4089,,1971,
4090,,1971,
4092,,1971,
4093,,1971,
4094,,1971,
4095,,1971,
4096,,1971,
4097,,,
4098,,,
4099,,1971,
4100,,1971,
4101,,1971,
4102,,1971,
4103,,1971,
4104,,1971,
4105,,1971,
4106,,,
4107,,,
4108,,1970,
4109,,1971,
4110,,1971,
4111,,1971,
4112,,1971,
4113,,1971,
4114,,1971,
4115,,1971,
4116,,1971,
4117,,1971,
4118,,1971,
4119,,1971,
4120,,1971,
4121,,1971,
4122,,1971,
4123,,1971,
4124,,1971,
4125,,1971,
4126,,1971,
4127,,1971,
4128,,1971,
4129,,1971,
4130,,,
4131,,,
4132,,,
4133,,1971,
4134,,,
4135,,,
4136,,,
4137,,1970,
4138,,1971,
4139,,1971,
4140,,1971,
4141,,,
4142,,1971,
4143,,1971,
4144,,1971,
4145,,1971,
4146,,1971,
4147,,1971,
4148,,1971,
4149,,,
4150,,1971,
4151,,1971,
4152,,,
4153,,1971,
4154,,1971,
4155,,,
4156,,1971,
4157,,1971,
4158,,1971,
4159,,1971,
4160,,1971,
4161,,1971,
4162,,1971,
4163,,,
4164,,1971,
4165,,1971,
4166,,1971,
4167,,,
4168,,,
4169,,1971,
4170,,1971,
4171,,1971,
4172,,,
4173,,1971,
4174,,1971,
4175,,1972,
4176,,1972,
4177,,1972,
4178,,1972,
4179,,1971,
4180,,1971,
4181,,,
4182,,,
4183,,,
4184,,1972,
4185,,1972,
4186,,1972,
4187,,1972,
4188,,1972,
4189,,1972,
4190,,1972,
4191,,,
4192,,1972,
4193,,1972,
4194,,1972,
4195,,,
4196,,,
4197,,1972,
4198,,1972,
4199,,1972,
4200,,1972,
4201,,1972,
4202,,,
4203,,1972,
4204,,,
4205,,,
4206,,1972,
4207,,1971,
4208,,1972,
4209,,1972,
4210,,1971,
4211,,1972,
4212,,1972,
4213,,1972,
4214,,1972,
4215,,1972,
4216,,,
4217,,1972,
4218,,,
4219,,1971,
4220,,1971,
4221,,1972,
4222,,1972,
4223,,1971,
4224,,1972,
4225,,1972,
4226,,1971,
4227,,1972,
4228,,1972,
4229,,1971,
4230,,1972,
4231,,1971,
4232,,1972,
4233,,1972,
4234,,1972,
4235,,,
4236,,1972,
4237,,1972,
4238,,,
4239,,1972,
4240,,1972,
4241,,1972,
4242,,1972,
4243,,1972,
4244,,1972,
4245,,1972,
4246,,1972,
4247,,1972,
4248,,1971,
4249,,1972,
4250,,1972,
4251,,1972,
4252,,,
4253,,,
4254,,1972,
4255,,,
4256,,,
4257,,1972,
4258,,1972,
4259,,1972,
4260,,1972,
4261,,1972,
4262,,1972,
4263,,1972,
4264,,,
4265,,,
4266,,1972,
4267,,1972,
4268,,1972,
4269,,,
4270,,1972,
4271,,,
4272,,1972,
4273,,,
4274,,1972,
4275,,1972,
4276,,,
4277,,1972,
4278,,1972,
4279,,,
4280,,1972,
4281,,1972,
4282,,1972,
4283,,1972,
4284,,1972,
4285,,1972,
4286,,,
4287,,1972,
4288,,,
4289,,,
4290,,1972,
4291,,1972,
4292,,1972,
4293,,1972,
4294,,1972,
4295,,1972,
4296,,,
4297,,1971,
4298,,1972,
4299,,1972,
4300,,1972,
4301,,1972,
4302,,1972,
4303,,1972,
4304,,1972,
4305,,1972,
4306,,1972,
4307,,1972,
4308,,,
4309,,1972,
4310,,1972,
4311,,1972,
4312,,1972,
4313,,,
4314,,1972,
4315,,1971,
4316,,1972,
4317,,1972,
4318,,1972,
4319,,1972,
4320,,470,
4321,,465,
4322,,1972,
4323,,1972,
4324,,,
4325,,1972,
4326,,1972,
4327,,,
4328,,1972,
4329,,1972,
4330,,1972,
4331,,1972,
4332,,1972,
4333,,1972,
4334,,1972,
4335,,1972,
4336,,1972,
4337,,,
4338,,,
4339,,1972,
4340,,1972,
4341,,1972,
4342,,1972,
4343,,1971,
4344,,1972,
4345,,1972,
4346,,1972,
4347,,1972,
4348,,1972,
4349,,1972,
4350,,1972,
4351,,1972,
4352,,1972,
4353,,1972,
4354,,1972,
4355,,1972,
4356,,1972,
4357,,1972,
4358,,1972,
4359,,1971,
4360,,1972,
4361,,1972,
4362,,1972,
4363,,1972,
4364,,1972,
4365,,1972,
4366,,1972,
4367,,1972,
4368,,,
4369,,1972,
4370,,1972,
4371,,1972,
4372,,,
4373,,1972,
4374,,,
4375,,1972,
4376,,1972,
4377,,1971,
4378,,1972,
4379,,1971,
4380,,,
4381,,1972,
4382,,1972,
4383,,1972,
4384,,,
4385,,1972,
4386,,1972,
4387,,1972,
4388,,1972,
4389,,,
4390,,1972,
4391,,1972,
4392,,1972,
4393,,1972,
4394,,1972,
4395,,1972,
4396,,1972,
4397,,,
4398,,1972,
4399,,1972,
4400,,,
4401,,1972,
4402,,,
4403,,1972,
4404,,1972,
4405,,1972,
4406,,,
4407,,1972,
4408,,,
4409,,1972,
4410,,1972,
4411,,1972,
4412,,1972,
4413,,1972,
4414,,1972,
4415,,1972,
4416,,1972,
4417,,1972,
4418,,1972,
4419,,1972,
4420,,1972,
4421,,1972,
4422,,1972,
4423,,1972,
4424,,1972,
4425,,1972,
4426,,1972,
4427,,1972,
4428,,1972,
4429,,1972,
4430,,1972,
4431,,1972,
4432,,,
4433,,1972,
4434,,1972,
4435,,1972,
4436,,1972,
4437,,,
4438,,1972,
4439,,,
4440,,1972,
4441,,1972,
4442,,,
4443,,1972,
4444,,,
4445,,1972,
4446,,1972,
4447,,1972,
4448,,1972,
4449,,1972,
4450,,1972,
4451,,1972,
4452,,1972,
4453,,1972,
4454,,1972,
4455,,1972,
4456,,1972,
4457,,1972,
4458,,1972,
4459,,1972,
4460,,1972,
4461,,,
4462,,1972,
4463,,1972,
4464,,1972,
4465,,1972,
4466,,1972,
4467,,1972,
4468,,1972,
4469,,1972,
4470,,1972,
4471,,1972,
4472,,1972,
4473,,1972,
4474,,1972,
4475,,1972,
4476,,1972,
4477,,1972,
4478,,1972,
4479,,1972,
4480,,,
4481,,1972,
4482,,,
4483,,1972,
4484,,1972,
4485,,1972,
4486,,1972,
4487,,1972,
4488,,,
4489,,1972,
4490,,1972,
4491,,1972,
4492,,1972,
4493,,1972,
4494,,1972,
4495,,1972,
4496,,1972,
4497,,1972,
4498,,1972,
4499,,,
4500,,1972,
4501,,1972,
4502,,1972,
4503,,,
4504,,1972,
4505,,1972,
4506,,1972,
4507,,1972,
4508,,1972,
4509,,1972,
4510,,1972,
4511,,1972,
4512,,1972,
4513,,,
4514,,1972,
4515,,1972,
4516,,1972,
4517,,1972,
4518,,1972,
4519,,1972,
4520,,1972,
4521,,1972,
4522,,1972,
4523,,1972,
4524,,1972,
4525,,1972,
4526,,1972,
4527,,,
4528,,1972,
4529,,1972,
4530,,1972,
4531,,,
4532,,1972,
4533,,1972,
4534,,1972,
4535,,1972,
4536,,,
4537,,1972,
4538,,1972,
4539,,1972,
4540,,1972,
4541,,1972,
4542,,1972,
4543,,1972,
4544,,1972,
4545,,1972,
4546,,,
4547,,1972,
4548,,1972,
4549,,1972,
4550,,1972,
4551,,1972,
4552,,1972,
4553,,1972,
4554,,1972,
4555,,1972,
4556,,1972,
4557,,1972,
4558,,1972,
4559,,1972,
4560,,1972,
4561,,1972,
4562,,1972,
4563,,1972,
4564,,1972,
4565,,1972,
4566,,1972,
4567,,1972,
4568,,1972,
4569,,1972,
4570,,1972,
4571,,1972,
4572,,1972,
4573,,1972,
4574,,1972,
4575,,1972,
4576,,,
4577,,1972,
4578,,1972,
4579,,1972,
4580,,1972,
4581,,1972,
4582,,1972,
4583,,1972,
4584,,1972,
4585,,1972,
4586,,1972,
4587,,1972,
4588,,1973,
4589,,1972,
4590,,,
4591,,,
4592,,1972,
4593,,,
4594,,1972,
4595,,1972,
4596,,1972,
4597,,1972,
4598,,1972,
4599,,1972,
4600,,1972,
4601,,1973,
4602,,1973,
4603,,,
4604,,,
4605,,,
4606,,1973,
4607,,,
4608,,1972,
4609,,,
4610,,1973,
4611,,1973,
4612,,1973,
4613,,1973,
4614,,,
4615,,,
4616,,1972,
4617,,,
4618,,1972,
4619,,1972,
4620,,1973,
4621,,1972,
4622,,1973,
4623,,1973,
4624,,,
4625,,1972,
4626,,1973,
4627,,1972,
4628,,,
4629,,,
4630,,1973,
4631,,1973,
4632,,1972,
4633,,,
4634,,1972,
4635,,1973,
4636,,,
4637,,1973,
4638,,1972,
4639,,1973,
4640,,,
4641,,1973,
4642,,1972,
4643,,,
4644,,1972,
4645,,,
4646,,1973,
4647,,1973,
4648,,1972,
4649,,1972,
4650,,1973,
4651,,1972,
4652,,,
4653,,,
4654,,1973,
4655,,1972,
4656,,1973,
4657,,1973,
4658,,,
4659,,1972,
4660,,1972,
4661,,1972,
4662,,,
4663,,,
4664,,,
4665,,1972,
4666,,1972,
4667,,1973,
4668,,1973,
4669,,1972,
4670,,1972,
4671,,1973,
4672,,,
4673,,,
4674,,1972,
4675,,,
4676,,1973,
4677,,,
4678,,1972,
4679,,,
4680,,1972,
4681,,1973,
4682,,1973,
4683,,1973,
4684,,1973,
4685,,1973,
4686,,1972,
4687,,1973,
4688,,1973,
4689,,1972,
4690,,,
4691,,,
4692,,1972,
4693,,,
4694,,,
4695,,1973,
4696,,,
4697,,,
4698,,1973,
4699,,1973,
4700,,1973,
4701,,1973,
4702,,1973,
4703,,1972,
4704,,1972,
4705,,1973,
4706,,,
4707,,1972,
4708,,1973,
4709,,,
4710,,,
4711,,1972,
4712,,1973,
4713,,1973,
4714,,,
4715,,1973,
4716,,1973,
4717,,,
4718,,1973,
4719,,,
4720,,1972,
4721,,1973,
4722,,1973,
4723,,1973,
4724,,1973,
4725,,1973,
4726,,1972,
4727,,1973,
4728,,1973,
4729,,1972,
4730,,1973,
4731,,1973,
4732,,1973,
4733,,1973,
4734,,1973,
4735,,1973,
4736,,1973,
4737,,1973,
4738,,1973,
4739,,,
4740,,1973,
4741,,1973,
4742,,1973,
4743,,,
4744,,1973,
4745,,1973,
4746,,1973,
4747,,1973,
4748,,,
4749,,1973,
4750,,1973,
4751,,1973,
4752,,1973,
4753,,1973,
4754,,1973,
4755,,1973,
4756,,,
4757,,1973,
4758,,1973,
4759,,1973,
4760,,,
4761,,1973,
4762,,,
4763,,1973,
4764,,1973,
4765,,1973,
4766,,1973,
4767,,1973,
4768,,1973,
4769,,1973,
4770,,,
4771,,1973,
4772,,1973,
4773,,1973,
4774,,1973,
4775,,1973,
4776,,1973,
4777,,1973,
4778,,,
4779,,1973,
4780,,1973,
4781,,1973,
4782,,1972,
4783,,1973,
4784,,1973,
4785,,1973,
4786,,1973,
4787,,1972,
4788,,,
4789,,1973,
4790,,1973,
4791,,,
4792,,,
4793,,1973,
4794,,1973,
4795,,1973,
4796,,1973,
4797,,1973,
4798,,1973,
4799,,,
4800,,1973,
4801,,1973,
4802,,1973,
4803,,1973,
4804,,1973,
4805,,1973,
4806,,1973,
4807,,1973,
4808,,1973,
4809,,,
4810,,,
4811,,,
4812,,,
4813,,,
4814,,,
4815,,1971,
4816,,1970,
4817,,,
4818,,,
4819,,1970,
4820,,1970,
4821,,,
4822,,,
4823,,1971,
4824,,1971,
4825,,,
4826,,1971,
4827,,,
4828,,1971,
4829,,1971,
4830,,1970,
4831,,,
4832,,,
4833,,,
4834,,1971,
4835,,,
4836,,,
4837,,1971,
4838,,1971,
4839,,,
4840,,,
4841,,1971,
4842,,1971,
4843,,1970,
4844,,,
4845,,1970,
4846,,1971,
4847,,1971,
4848,,1971,
4849,,1971,
4850,,1971,
4851,,1971,
4852,,1971,
4853,,1971,
4854,,1971,
4855,,1971,
4856,,1971,
4857,,1971,
4858,,1971,
4859,,1971,
4860,,1971,
4861,,,
4862,,1971,
4863,,1971,
4864,,1971,
4865,,1971,
4866,,,
4867,,,
4868,,1971,
4869,,1970,
4870,,1971,
4871,,1970,
4872,,,"M"
4873,,,
4874,,,
4875,,1971,
4876,,,
4877,,1971,
4878,,1971,
4879,,,
4880,,,
4881,,1970,
4882,,1970,
4883,,,
4884,,1970,
4885,,1971,
4886,,1971,
4887,,1971,
4888,,,
4889,,1970,
4890,,1970,
4891,,1971,
4892,,1971,
4893,,1971,
4894,,1971,
4895,,,
4896,,1970,
4897,,,
4898,,1970,
4899,,,
4900,,1971,
4901,,1971,
4902,,1971,
4903,,1971,
4904,,1970,
4905,,1970,
4906,,,
4907,,,
4908,,,
4909,,1971,
4910,,1971,
4911,,1970,
4912,,1971,
4913,,1971,
4914,,1971,
4915,,1971,
4916,,,
4917,,,
4918,,1970,
4919,,1971,
4920,,1971,
4921,,,
4922,,1970,
4923,,1971,
4924,,1971,
4925,,1971,
4926,,,
4927,,1971,
4928,,1971,
4929,,1971,
4930,,1971,
4931,,,
4932,,1971,
4933,,1971,
4934,,1971,
4935,,,
4936,,1970,
4937,,1970,
4938,,,
4939,,1971,
4940,,1971,
4941,,,
4942,,1971,
4943,,,
4944,,1971,
4945,,1971,
4946,,1971,
4947,,1971,
4948,,1970,
4949,,,
4950,,1971,
4951,,,
4952,,,
4953,,,
4954,,1971,
4955,,1971,
4956,,,
4957,,1970,
4958,,,
4959,,,
4960,,1970,
4961,,1971,
4962,,1971,
4963,,1971,
4964,,,
4965,,,
4966,,1971,
4967,,,
4968,,1971,
4969,,1971,
4970,,1971,
4971,,1971,
4972,,1971,
4973,,1971,
4974,,1971,
4975,,1971,
4976,,,
4977,,1971,
4978,,1971,
4979,,1971,
4980,,1971,
4981,,1971,
4982,,1970,
4983,,1971,
4984,,1971,
4985,,1971,
4986,,1971,
4987,,1971,
4988,,,
4989,,,
4990,,1971,
4991,,1971,
4992,,,
4993,,1971,
4994,,1971,
4995,,,
4996,,1971,
4997,,1971,
4998,,1971,
4999,,,
5000,,1971,
5001,,1971,
5002,,,
5003,,1971,
5004,,1970,
5005,,,
5006,,1971,
5007,,1971,
5008,,,
5009,,1970,
5010,,1971,
5011,,1971,
5012,,1971,
5013,,1971,
5014,,1971,
5015,,1971,
5016,,1971,
5017,,1971,
5018,,1971,
5019,,1971,
5020,,1971,
5021,,1971,
5022,,1971,
5023,,1971,
5024,,1971,
5025,,1971,
5026,,1971,
5027,,1971,
5028,,1971,
5029,,1971,
5030,,1971,
5031,,1971,
5032,,,
5033,,1971,
5034,,1971,
5035,,1971,
5036,,1971,
5037,,1971,
5038,,1971,
5039,,1971,
5040,,1971,
5041,,1971,
5042,,1971,
5043,,1971,
5044,,1971,
5045,,1971,
5046,,1970,
5047,,1971,
5048,,1971,
5049,,1971,
5050,,,
5051,,1971,
5052,,1971,
5053,,1971,
5054,,1971,
5055,,1971,
5056,,1971,
5057,,1971,
5058,,1971,
5059,,1971,
5060,,1971,
5061,,1971,
5062,,,
5063,,1971,
5064,,1971,
5065,,1971,
5066,,1971,
5067,,1971,
5068,,1971,
5069,,,
5070,,1971,
5071,,1971,
5072,,1971,
5073,,1971,
5074,,1971,
5075,,1971,
5076,,,
5077,,,
5078,,1971,
5079,,1971,
5080,,1971,
5081,,1971,
5082,,1971,
5083,,1971,
5084,,1971,
5085,,1971,
5086,,1971,
5087,,,
5088,,1971,
5089,,1971,
5090,,1971,
5091,,1971,
5092,,1971,
5093,,1971,
5094,,,
5095,,1971,
5096,,1971,
5097,,1971,
5098,,1971,
5099,,1971,
5100,,1971,
5101,,1971,
5102,,1971,
5103,,1971,
5104,,1971,
5105,,1971,
5106,,1971,
5107,,1971,
5108,,1971,
5109,,1971,
5110,,1971,
5111,,1971,
5112,,1971,
5113,,1971,
5114,,1971,
5115,,1971,
5116,,,
5117,,1971,
5118,,1971,
5119,,1971,
5120,,1971,
5121,,1971,
5122,,1971,
5123,,1971,
5124,,1970,
5125,,1971,
5126,,1971,
5127,,1971,
5128,,1971,
5129,,1971,
5130,,1971,
5131,,1971,
5132,,1971,
5133,,1971,
5134,,,
5135,,,
5136,,,
5137,,,
5138,,1971,
5139,,1971,
5140,,,
5141,,1971,
5142,,1971,
5143,,1971,
5144,,1970,
5145,,,
5146,,1971,
5147,,1971,
5148,,1971,
5149,,1971,
5150,,1971,
5151,,,
5152,,,
5153,,,
5154,,1971,
5155,,,
5156,,1971,
5157,,,
5158,,1971,
5159,,1971,
5160,,1971,
5161,,1971,
5162,,1971,
5163,,1971,
5164,,1971,
5165,,1971,
5166,,1971,
5167,,1971,
5168,,1971,
5169,,1971,
5170,,1971,
5171,,1971,
5172,,1971,
5173,,1971,
5174,,1971,
5175,,1971,
5176,,1971,
5177,,1971,
5178,,1971,
5179,,1971,
5180,,1971,
5181,,1971,
5182,,1971,
5183,,1971,
5184,,,
5185,,,
5186,,1971,
5187,,1971,
5188,,1971,
5189,,1971,
5190,,1971,
5191,,1971,
5192,,1971,
5193,,1971,
5194,,1971,
5195,,1971,
5196,,1971,
5197,,1971,
5198,,1971,
5199,,1971,
5200,,1971,
5201,,1971,
5202,,,
5203,,1971,
5204,,1971,
5205,,1971,
5206,,1971,
5207,,1971,
5208,,1971,
5209,,1971,
5210,,1971,
5211,,1971,
5212,,1971,
5213,,1971,
5214,,1971,
5215,,1971,
5216,,1971,
5217,,,
5218,,,
5219,,1971,
5220,,,
5221,,1973,
5222,,1973,
5223,,1973,
5224,,1973,
5225,,1973,
5226,,1973,
5227,,1973,
5228,,1973,
5229,,1973,
5230,,1973,
5231,,1973,
5232,,1973,
5233,,1973,
5234,,1973,
5235,,,
5236,,,
5237,,1973,
5238,,1973,
5239,,1973,
5240,,,
5241,,1973,
5242,,,
5243,,1973,
5244,,1973,
5245,,,
5246,,,
5247,,1972,
5248,,1973,
5249,,,
5250,,,
5251,,,
5252,,1972,
5253,,1972,
5254,,,
5255,,1973,
5256,,,
5257,,,
5258,,1973,
5259,,1973,
5260,,,
5261,,1972,
5262,,1972,
5263,,1973,
5264,,1973,
5265,,,
5266,,1973,
5267,,1973,
5268,,,
5269,,1971,
5270,,1973,
5271,,,
5272,,1971,
5273,,,
5274,,1973,
5275,,1973,
5276,,,
5277,,,
5278,,,
5279,,1973,
5280,,1973,
5281,,,
5282,,,
5283,,1973,
5284,,,
5285,,,
5286,,,
5287,,1972,
5288,,1973,
5289,,1973,
5290,,1973,
5291,,1973,
5292,,1973,
5293,,1973,
5294,,,
5295,,,
5296,,,
5297,,1973,
5298,,1973,
5299,,1973,
5300,,1973,
5301,,1973,
5302,,1973,
5303,,1973,
5304,,,
5305,,,
5306,,,
5307,,1973,
5308,,1973,
5309,,1973,
5310,,,
5311,,1973,
5312,,1973,
5313,,,
5314,,1973,
5315,,1973,
5316,,1973,
5317,,1973,
5318,,1973,
5319,,,
5320,,,
5321,,,
5322,,1973,
5323,,,
5324,,,
5325,,1969,
5326,,1969,
5327,,1969,
5328,,,
5329,,,
5331,,1971,
