"RowID","StudyArea","CountDate","AgeSex","Count"
1,"A","24/10/1980, 00.00.00","AM",1
2,"A","24/10/1980, 00.00.00","AF",1
3,"A","24/10/1980, 00.00.00","BB",4
4,"A","24/10/1980, 00.00.00",,1
5,"A","05/11/1980, 00.00.00","BB",5
6,"A","05/11/1980, 00.00.00",,3
7,"A","13/11/1980, 00.00.00","AM",2
8,"A","13/11/1980, 00.00.00","BB",7
9,"A","13/11/1980, 00.00.00",,1
10,"A","27/11/1980, 00.00.00","AM",1
11,"A","27/11/1980, 00.00.00","JM",1
12,"A","27/11/1980, 00.00.00","JF",1
13,"A","27/11/1980, 00.00.00","BB",2
14,"A","27/11/1980, 00.00.00",,3
15,"A","05/12/1980, 00.00.00","BB",4
16,"A","10/12/1980, 00.00.00","JM",1
17,"A","10/12/1980, 00.00.00","BB",5
18,"A","06/01/1981, 00.00.00","BB",6
19,"A","06/01/1981, 00.00.00",,4
20,"A","14/01/1981, 00.00.00","BB",5
21,"A","14/01/1981, 00.00.00",,1
22,"A","27/01/1981, 00.00.00","AM",1
23,"A","27/01/1981, 00.00.00","AF",1
24,"A","27/01/1981, 00.00.00","JM",2
25,"A","27/01/1981, 00.00.00","BB",6
26,"A","27/01/1981, 00.00.00",,1
27,"A","05/02/1981, 00.00.00","BB",2
28,"A","16/02/1981, 00.00.00","AM",2
29,"A","16/02/1981, 00.00.00","JF",2
30,"A","16/02/1981, 00.00.00","BB",2
31,"A","16/02/1981, 00.00.00",,2
32,"A","24/02/1981, 00.00.00","AM",1
33,"A","24/02/1981, 00.00.00","JM",1
34,"A","24/02/1981, 00.00.00","BB",2
35,"A","24/02/1981, 00.00.00",,3
36,"A","06/03/1981, 00.00.00","AM",1
37,"A","06/03/1981, 00.00.00","JM",1
38,"A","06/03/1981, 00.00.00","BB",3
39,"A","06/03/1981, 00.00.00",,2
40,"A","18/03/1981, 00.00.00","AM",1
41,"A","18/03/1981, 00.00.00","JF",1
42,"A","18/03/1981, 00.00.00",,1
43,"A","29/03/1981, 00.00.00","AM",2
44,"A","29/03/1981, 00.00.00","JM",1
45,"A","29/03/1981, 00.00.00","BB",2
46,"A","29/03/1981, 00.00.00",,3
47,"A","10/04/1981, 00.00.00","JM",1
48,"A","10/04/1981, 00.00.00","JF",2
49,"A","10/04/1981, 00.00.00","BB",1
50,"A","16/09/1981, 00.00.00",,2
51,"A","24/09/1981, 00.00.00","JM",2
52,"A","24/09/1981, 00.00.00",,1
53,"A","07/10/1981, 00.00.00","AF",2
54,"A","07/10/1981, 00.00.00","JM",1
55,"A","07/10/1981, 00.00.00","JF",1
56,"A","07/10/1981, 00.00.00","BB",4
57,"A","07/10/1981, 00.00.00",,2
58,"A","16/10/1981, 00.00.00","AM",1
59,"A","16/10/1981, 00.00.00","AF",1
60,"A","16/10/1981, 00.00.00","JM",2
61,"A","16/10/1981, 00.00.00","BB",9
62,"A","16/10/1981, 00.00.00",,3
63,"A","02/11/1981, 00.00.00","AM",1
64,"A","02/11/1981, 00.00.00","AF",1
65,"A","02/11/1981, 00.00.00","JM",2
66,"A","02/11/1981, 00.00.00","BB",8
67,"A","02/11/1981, 00.00.00",,1
68,"A","09/11/1981, 00.00.00","AM",2
69,"A","09/11/1981, 00.00.00","JM",1
70,"A","09/11/1981, 00.00.00","BB",8
71,"A","09/11/1981, 00.00.00",,2
72,"A","18/11/1981, 00.00.00","AM",2
73,"A","18/11/1981, 00.00.00","JM",2
74,"A","18/11/1981, 00.00.00","BB",5
75,"A","18/11/1981, 00.00.00",,1
76,"A","26/11/1981, 00.00.00","AM",4
77,"A","26/11/1981, 00.00.00","AF",3
78,"A","26/11/1981, 00.00.00","JM",1
79,"A","26/11/1981, 00.00.00","BB",4
80,"A","26/11/1981, 00.00.00",,1
81,"A","07/12/1981, 00.00.00","AM",3
82,"A","07/12/1981, 00.00.00","AF",1
83,"A","07/12/1981, 00.00.00","JM",1
84,"A","07/12/1981, 00.00.00","BB",3
85,"A","07/12/1981, 00.00.00",,2
86,"A","23/12/1981, 00.00.00","AF",1
87,"A","23/12/1981, 00.00.00","JM",1
88,"A","23/12/1981, 00.00.00","BB",2
89,"A","23/12/1981, 00.00.00",,3
90,"A","09/01/1982, 00.00.00","AF",1
91,"A","09/01/1982, 00.00.00","JM",2
92,"A","09/01/1982, 00.00.00","BB",3
93,"A","09/01/1982, 00.00.00",,2
94,"A","11/01/1982, 00.00.00","AM",3
95,"A","11/01/1982, 00.00.00","AF",3
96,"A","11/01/1982, 00.00.00","JM",1
97,"A","11/01/1982, 00.00.00","BB",6
98,"A","11/01/1982, 00.00.00",,1
99,"A","21/01/1982, 00.00.00","AM",2
100,"A","21/01/1982, 00.00.00","AF",2
101,"A","21/01/1982, 00.00.00","JM",3
102,"A","21/01/1982, 00.00.00","BB",3
103,"A","29/01/1982, 00.00.00","AM",1
104,"A","29/01/1982, 00.00.00","AF",2
105,"A","29/01/1982, 00.00.00","JM",1
106,"A","29/01/1982, 00.00.00","BB",4
107,"A","04/02/1982, 00.00.00","AM",3
108,"A","04/02/1982, 00.00.00","AF",3
109,"A","04/02/1982, 00.00.00","JM",1
110,"A","04/02/1982, 00.00.00","BB",2
111,"A","04/02/1982, 00.00.00",,2
112,"A","15/02/1982, 00.00.00","AM",3
113,"A","15/02/1982, 00.00.00","AF",2
114,"A","15/02/1982, 00.00.00","JM",1
115,"A","15/02/1982, 00.00.00","BB",3
116,"A","15/02/1982, 00.00.00",,2
117,"A","25/02/1982, 00.00.00","AM",1
118,"A","25/02/1982, 00.00.00","AF",2
119,"A","25/02/1982, 00.00.00","JM",2
120,"A","25/02/1982, 00.00.00","BB",7
121,"A","25/02/1982, 00.00.00",,2
122,"A","08/03/1982, 00.00.00","AM",3
123,"A","08/03/1982, 00.00.00","AF",1
124,"A","08/03/1982, 00.00.00","JM",2
125,"A","08/03/1982, 00.00.00","BB",6
126,"A","17/03/1982, 00.00.00","AF",1
127,"A","17/03/1982, 00.00.00","JM",1
128,"A","17/03/1982, 00.00.00","BB",5
129,"A","17/03/1982, 00.00.00",,2
130,"A","25/03/1982, 00.00.00","AM",4
131,"A","25/03/1982, 00.00.00","AF",1
132,"A","25/03/1982, 00.00.00","JM",1
133,"A","25/03/1982, 00.00.00",,1
134,"A","09/04/1982, 00.00.00","AM",2
135,"A","09/04/1982, 00.00.00","AF",1
136,"A","09/04/1982, 00.00.00","JM",2
137,"A","09/04/1982, 00.00.00","BB",1
138,"A","28/04/1982, 00.00.00","AM",3
139,"A","28/04/1982, 00.00.00","JM",1
140,"A","28/04/1982, 00.00.00","BB",4
141,"A","22/09/1982, 00.00.00","AM",3
142,"A","22/09/1982, 00.00.00","AF",1
143,"A","22/09/1982, 00.00.00","JM",1
144,"A","22/09/1982, 00.00.00","JF",1
145,"A","22/09/1982, 00.00.00","BB",15
146,"A","22/09/1982, 00.00.00",,3
147,"A","05/10/1982, 00.00.00","AM",1
148,"A","05/10/1982, 00.00.00","AF",1
149,"A","05/10/1982, 00.00.00","JF",1
150,"A","05/10/1982, 00.00.00","BB",11
151,"A","05/10/1982, 00.00.00",,6
152,"A","15/10/1982, 00.00.00","AM",4
153,"A","15/10/1982, 00.00.00","AF",1
154,"A","15/10/1982, 00.00.00","JF",1
155,"A","15/10/1982, 00.00.00","BB",9
156,"A","15/10/1982, 00.00.00",,1
157,"A","29/10/1982, 00.00.00","AM",3
158,"A","29/10/1982, 00.00.00","AF",2
159,"A","29/10/1982, 00.00.00","JM",2
160,"A","29/10/1982, 00.00.00","JF",1
161,"A","29/10/1982, 00.00.00","BB",15
162,"A","29/10/1982, 00.00.00",,1
163,"A","09/11/1982, 00.00.00","AM",3
164,"A","09/11/1982, 00.00.00","AF",1
165,"A","09/11/1982, 00.00.00","JF",1
166,"A","09/11/1982, 00.00.00","BB",12
167,"A","09/11/1982, 00.00.00",,1
168,"A","16/11/1982, 00.00.00","AM",2
169,"A","16/11/1982, 00.00.00","AF",2
170,"A","16/11/1982, 00.00.00","BB",5
171,"A","26/11/1982, 00.00.00","AM",1
172,"A","26/11/1982, 00.00.00","AF",1
173,"A","26/11/1982, 00.00.00","JM",2
174,"A","26/11/1982, 00.00.00","BB",15
175,"A","26/11/1982, 00.00.00",,1
176,"A","06/12/1982, 00.00.00","AM",3
177,"A","06/12/1982, 00.00.00","AF",3
178,"A","06/12/1982, 00.00.00","BB",12
179,"A","06/12/1982, 00.00.00",,1
180,"A","08/01/1983, 00.00.00","AM",2
181,"A","08/01/1983, 00.00.00","AF",3
182,"A","08/01/1983, 00.00.00","JM",1
183,"A","08/01/1983, 00.00.00","BB",9
184,"A","21/01/1983, 00.00.00","AM",2
185,"A","21/01/1983, 00.00.00","AF",4
186,"A","21/01/1983, 00.00.00","BB",6
187,"A","25/01/1983, 00.00.00","AM",2
188,"A","25/01/1983, 00.00.00","AF",3
189,"A","25/01/1983, 00.00.00","JM",1
190,"A","25/01/1983, 00.00.00","BB",8
191,"A","25/01/1983, 00.00.00",,1
192,"A","04/02/1983, 00.00.00","AF",3
193,"A","04/02/1983, 00.00.00","JM",1
194,"A","04/02/1983, 00.00.00","BB",8
195,"A","04/02/1983, 00.00.00",,1
196,"A","10/02/1983, 00.00.00","AM",3
197,"A","10/02/1983, 00.00.00","AF",1
198,"A","10/02/1983, 00.00.00","JM",1
199,"A","10/02/1983, 00.00.00","BB",7
200,"A","01/03/1983, 00.00.00","AM",1
201,"A","01/03/1983, 00.00.00","AF",1
202,"A","01/03/1983, 00.00.00","BB",7
203,"A","01/03/1983, 00.00.00",,2
204,"A","08/03/1983, 00.00.00","AM",4
205,"A","08/03/1983, 00.00.00","AF",3
206,"A","08/03/1983, 00.00.00","BB",5
207,"A","08/03/1983, 00.00.00",,3
208,"A","16/03/1983, 00.00.00","AM",2
209,"A","16/03/1983, 00.00.00","AF",2
210,"A","16/03/1983, 00.00.00","BB",6
211,"A","16/03/1983, 00.00.00",,1
212,"A","30/03/1983, 00.00.00","AM",3
213,"A","30/03/1983, 00.00.00","JM",1
214,"A","08/04/1983, 00.00.00","AM",2
215,"A","08/04/1983, 00.00.00","AF",2
216,"A","08/04/1983, 00.00.00","BB",1
217,"A","14/04/1983, 00.00.00","AM",1
218,"A","14/04/1983, 00.00.00","AF",6
219,"A","14/04/1983, 00.00.00","JM",1
220,"A","29/04/1983, 00.00.00","AM",2
221,"A","03/10/1983, 00.00.00","AF",4
222,"A","03/10/1983, 00.00.00","BB",3
223,"A","03/10/1983, 00.00.00","JX",3
224,"A","03/10/1983, 00.00.00",,2
225,"A","10/10/1983, 00.00.00","AF",3
226,"A","10/10/1983, 00.00.00","BB",3
227,"A","10/10/1983, 00.00.00","JX",1
228,"A","10/10/1983, 00.00.00",,3
229,"A","21/10/1983, 00.00.00","AM",1
230,"A","21/10/1983, 00.00.00","AF",1
231,"A","21/10/1983, 00.00.00","BB",5
232,"A","21/10/1983, 00.00.00",,1
233,"A","27/10/1983, 00.00.00","AM",1
234,"A","27/10/1983, 00.00.00","AF",2
235,"A","27/10/1983, 00.00.00","BB",6
236,"A","27/10/1983, 00.00.00","JX",1
237,"A","27/10/1983, 00.00.00",,1
238,"A","08/11/1983, 00.00.00","AM",1
239,"A","08/11/1983, 00.00.00","AF",2
240,"A","08/11/1983, 00.00.00","BB",9
241,"A","08/11/1983, 00.00.00","JX",6
242,"A","08/11/1983, 00.00.00",,2
243,"A","15/11/1983, 00.00.00","AM",2
244,"A","15/11/1983, 00.00.00","AF",2
245,"A","15/11/1983, 00.00.00","JM",1
246,"A","15/11/1983, 00.00.00","BB",6
247,"A","15/11/1983, 00.00.00",,4
248,"A","24/11/1983, 00.00.00","AM",3
249,"A","24/11/1983, 00.00.00","AF",1
250,"A","24/11/1983, 00.00.00","BB",3
251,"A","08/12/1983, 00.00.00","AM",1
252,"A","08/12/1983, 00.00.00","AF",2
253,"A","08/12/1983, 00.00.00","BB",2
254,"A","08/12/1983, 00.00.00","JX",2
255,"A","08/12/1983, 00.00.00",,2
256,"A","15/12/1983, 00.00.00","AM",2
257,"A","15/12/1983, 00.00.00","AF",3
258,"A","15/12/1983, 00.00.00","JF",1
259,"A","15/12/1983, 00.00.00","BB",2
260,"A","15/12/1983, 00.00.00","JX",2
261,"A","30/12/1983, 00.00.00","AM",2
262,"A","30/12/1983, 00.00.00","AF",2
263,"A","30/12/1983, 00.00.00","BB",6
264,"A","18/01/1984, 00.00.00","AM",4
265,"A","18/01/1984, 00.00.00","AF",2
266,"A","18/01/1984, 00.00.00","JF",2
267,"A","18/01/1984, 00.00.00","BB",3
268,"A","18/01/1984, 00.00.00","JX",1
269,"A","01/02/1984, 00.00.00","AM",3
270,"A","01/02/1984, 00.00.00","AF",3
271,"A","01/02/1984, 00.00.00","JF",1
272,"A","01/02/1984, 00.00.00","BB",4
273,"A","16/02/1984, 00.00.00","AM",3
274,"A","16/02/1984, 00.00.00","AF",1
275,"A","16/02/1984, 00.00.00","BB",6
276,"A","16/02/1984, 00.00.00",,1
277,"A","24/02/1984, 00.00.00","AM",2
278,"A","24/02/1984, 00.00.00","AF",3
279,"A","24/02/1984, 00.00.00","JM",1
280,"A","24/02/1984, 00.00.00","JF",1
281,"A","24/02/1984, 00.00.00","BB",9
282,"A","24/02/1984, 00.00.00","JX",1
283,"A","24/02/1984, 00.00.00",,1
284,"A","19/03/1984, 00.00.00","AM",3
285,"A","19/03/1984, 00.00.00","AF",4
286,"A","19/03/1984, 00.00.00","JF",1
287,"A","19/03/1984, 00.00.00","BB",1
288,"A","19/03/1984, 00.00.00",,1
289,"A","23/03/1984, 00.00.00","AM",3
290,"A","23/03/1984, 00.00.00","AF",2
291,"A","23/03/1984, 00.00.00","JM",2
292,"A","23/03/1984, 00.00.00","BB",4
293,"A","23/03/1984, 00.00.00",,1
294,"A","02/04/1984, 00.00.00","AM",2
295,"A","02/04/1984, 00.00.00","AF",2
296,"A","02/04/1984, 00.00.00","JF",3
297,"A","02/04/1984, 00.00.00","BB",2
298,"A","17/04/1984, 00.00.00","AM",3
299,"A","17/04/1984, 00.00.00","AF",1
300,"A","17/04/1984, 00.00.00","JM",1
301,"A","17/04/1984, 00.00.00","BB",1
302,"A","27/04/1984, 00.00.00","AM",3
303,"A","27/04/1984, 00.00.00","AF",1
304,"A","27/04/1984, 00.00.00","JM",1
305,"A","27/04/1984, 00.00.00","JF",1
306,"A","27/04/1984, 00.00.00",,1
307,"A","26/09/1984, 00.00.00","AM",2
308,"A","26/09/1984, 00.00.00","AF",4
309,"A","26/09/1984, 00.00.00","JM",2
310,"A","26/09/1984, 00.00.00","JF",2
311,"A","26/09/1984, 00.00.00","BB",4
312,"A","26/09/1984, 00.00.00",,1
313,"A","02/10/1984, 00.00.00","AM",3
314,"A","02/10/1984, 00.00.00","AF",4
315,"A","02/10/1984, 00.00.00","JF",1
316,"A","02/10/1984, 00.00.00","BB",3
317,"A","15/10/1984, 00.00.00","AM",3
318,"A","15/10/1984, 00.00.00","AF",5
319,"A","15/10/1984, 00.00.00","JM",2
320,"A","15/10/1984, 00.00.00","JF",2
321,"A","15/10/1984, 00.00.00","BB",4
322,"A","15/10/1984, 00.00.00","JX",5
323,"A","23/10/1984, 00.00.00","AM",2
324,"A","23/10/1984, 00.00.00","AF",2
325,"A","23/10/1984, 00.00.00","JM",2
326,"A","23/10/1984, 00.00.00","BB",5
327,"A","26/10/1984, 00.00.00","AM",1
328,"A","26/10/1984, 00.00.00","AF",1
329,"A","26/10/1984, 00.00.00","JF",1
330,"A","26/10/1984, 00.00.00","BB",2
331,"A","12/11/1984, 00.00.00","AM",3
332,"A","12/11/1984, 00.00.00","AF",1
333,"A","12/11/1984, 00.00.00","JM",1
334,"A","12/11/1984, 00.00.00","JF",2
335,"A","12/11/1984, 00.00.00","BB",5
336,"A","12/11/1984, 00.00.00","JX",3
337,"A","20/11/1984, 00.00.00","AM",5
338,"A","20/11/1984, 00.00.00","AF",4
339,"A","20/11/1984, 00.00.00","JM",1
340,"A","20/11/1984, 00.00.00","BB",2
341,"A","20/11/1984, 00.00.00","JX",3
342,"A","04/12/1984, 00.00.00","AM",4
343,"A","04/12/1984, 00.00.00","AF",6
344,"A","04/12/1984, 00.00.00","JM",3
345,"A","04/12/1984, 00.00.00","JF",1
346,"A","04/12/1984, 00.00.00","BB",3
347,"A","04/12/1984, 00.00.00","JX",1
348,"A","15/12/1984, 00.00.00","AM",1
349,"A","15/12/1984, 00.00.00","AF",3
350,"A","15/12/1984, 00.00.00","JM",1
351,"A","15/12/1984, 00.00.00","BB",3
352,"A","15/12/1984, 00.00.00","JX",2
353,"A","03/01/1985, 00.00.00","AM",4
354,"A","03/01/1985, 00.00.00","AF",1
355,"A","03/01/1985, 00.00.00","JF",1
356,"A","03/01/1985, 00.00.00","BB",5
357,"A","03/01/1985, 00.00.00","JX",2
358,"A","17/01/1985, 00.00.00","AM",1
359,"A","17/01/1985, 00.00.00","AF",1
360,"A","17/01/1985, 00.00.00","JM",4
361,"A","17/01/1985, 00.00.00","JF",1
362,"A","17/01/1985, 00.00.00","BB",1
363,"A","17/01/1985, 00.00.00","JX",1
364,"A","23/01/1985, 00.00.00","AM",2
365,"A","23/01/1985, 00.00.00","AF",3
366,"A","23/01/1985, 00.00.00","JF",1
367,"A","23/01/1985, 00.00.00","BB",4
368,"A","15/02/1985, 00.00.00","AM",3
369,"A","15/02/1985, 00.00.00","AF",2
370,"A","15/02/1985, 00.00.00","JM",2
371,"A","15/02/1985, 00.00.00","JF",1
372,"A","15/02/1985, 00.00.00","BB",3
373,"A","22/02/1985, 00.00.00","AM",4
374,"A","22/02/1985, 00.00.00","AF",5
375,"A","22/02/1985, 00.00.00","JF",1
376,"A","22/02/1985, 00.00.00","BB",4
377,"A","22/02/1985, 00.00.00","JX",2
378,"A","08/03/1985, 00.00.00","AM",3
379,"A","08/03/1985, 00.00.00","AF",3
380,"A","08/03/1985, 00.00.00","JM",1
381,"A","08/03/1985, 00.00.00","JF",1
382,"A","08/03/1985, 00.00.00","BB",4
383,"A","08/03/1985, 00.00.00","JX",1
384,"A","15/03/1985, 00.00.00","AM",2
385,"A","15/03/1985, 00.00.00","AF",2
386,"A","15/03/1985, 00.00.00","JM",1
387,"A","15/03/1985, 00.00.00","JF",1
388,"A","15/03/1985, 00.00.00","BB",4
389,"A","26/03/1985, 00.00.00","AM",1
390,"A","26/03/1985, 00.00.00","AF",4
391,"A","26/03/1985, 00.00.00","JM",2
392,"A","26/03/1985, 00.00.00","JF",2
393,"A","26/03/1985, 00.00.00","BB",2
394,"A","03/04/1985, 00.00.00","AM",3
395,"A","03/04/1985, 00.00.00","AF",2
396,"A","03/04/1985, 00.00.00","JM",3
397,"A","03/04/1985, 00.00.00","JF",1
398,"A","03/04/1985, 00.00.00","BB",1
399,"A","17/04/1985, 00.00.00","AM",2
400,"A","17/04/1985, 00.00.00","AF",4
401,"A","17/04/1985, 00.00.00","JM",2
402,"A","17/04/1985, 00.00.00","BB",1
403,"A","17/04/1985, 00.00.00","JX",2
404,"A","26/04/1985, 00.00.00","AM",6
405,"A","26/04/1985, 00.00.00","AF",2
406,"A","26/04/1985, 00.00.00","JM",2
407,"A","26/04/1985, 00.00.00","JF",1
408,"A","25/09/1985, 00.00.00","AF",4
409,"A","25/09/1985, 00.00.00","JF",2
410,"A","25/09/1985, 00.00.00","BB",2
411,"A","25/09/1985, 00.00.00","JX",2
412,"A","08/10/1985, 00.00.00","AM",1
413,"A","08/10/1985, 00.00.00","AF",2
414,"A","08/10/1985, 00.00.00","JM",1
415,"A","08/10/1985, 00.00.00","BB",3
416,"A","08/10/1985, 00.00.00","JX",3
417,"A","15/10/1985, 00.00.00","AM",3
418,"A","15/10/1985, 00.00.00","AF",3
419,"A","15/10/1985, 00.00.00","BB",4
420,"A","15/10/1985, 00.00.00","JX",1
421,"A","22/11/1985, 00.00.00","AM",3
422,"A","22/11/1985, 00.00.00","AF",1
423,"A","22/11/1985, 00.00.00","JM",1
424,"A","22/11/1985, 00.00.00","BB",6
425,"A","22/11/1985, 00.00.00","JX",1
426,"A","06/12/1985, 00.00.00","AM",7
427,"A","06/12/1985, 00.00.00","AF",5
428,"A","06/12/1985, 00.00.00","BB",7
429,"A","16/12/1985, 00.00.00","AM",7
430,"A","16/12/1985, 00.00.00","AF",3
431,"A","16/12/1985, 00.00.00","BB",2
432,"A","16/12/1985, 00.00.00","JX",2
433,"A","23/12/1985, 00.00.00","AM",4
434,"A","23/12/1985, 00.00.00","AF",1
435,"A","23/12/1985, 00.00.00","BB",2
436,"A","13/01/1986, 00.00.00","AM",4
437,"A","13/01/1986, 00.00.00","AF",4
438,"A","13/01/1986, 00.00.00","JM",1
439,"A","13/01/1986, 00.00.00","JF",1
440,"A","13/01/1986, 00.00.00","BB",2
441,"A","17/01/1986, 00.00.00","AM",6
442,"A","17/01/1986, 00.00.00","AF",5
443,"A","17/01/1986, 00.00.00","JF",1
444,"A","17/01/1986, 00.00.00","BB",4
445,"A","27/01/1986, 00.00.00","AM",2
446,"A","27/01/1986, 00.00.00","AF",2
447,"A","27/01/1986, 00.00.00","JM",1
448,"A","27/01/1986, 00.00.00","BB",5
449,"A","27/01/1986, 00.00.00","JX",1
450,"A","21/02/1986, 00.00.00","AM",2
451,"A","21/02/1986, 00.00.00","AF",1
452,"A","21/02/1986, 00.00.00","JM",1
453,"A","03/03/1986, 00.00.00","AM",6
454,"A","03/03/1986, 00.00.00","AF",3
455,"A","03/03/1986, 00.00.00","JM",1
456,"A","03/03/1986, 00.00.00","JF",1
457,"A","03/03/1986, 00.00.00","BB",4
458,"A","10/03/1986, 00.00.00","AM",6
459,"A","10/03/1986, 00.00.00","AF",4
460,"A","14/03/1986, 00.00.00","AM",2
461,"A","14/03/1986, 00.00.00","AF",2
462,"A","14/03/1986, 00.00.00","JM",2
463,"A","14/03/1986, 00.00.00","JF",2
464,"A","14/03/1986, 00.00.00","BB",1
465,"A","04/04/1986, 00.00.00","AM",5
466,"A","04/04/1986, 00.00.00","AF",3
467,"A","04/04/1986, 00.00.00","JM",1
468,"A","16/04/1986, 00.00.00","AM",2
469,"A","16/04/1986, 00.00.00","AF",1
470,"A","16/04/1986, 00.00.00","JM",1
471,"A","23/04/1986, 00.00.00","AM",4
472,"A","23/04/1986, 00.00.00","AF",2
473,"A","02/05/1986, 00.00.00","AM",1
474,"A","02/05/1986, 00.00.00","AF",1
475,"A","02/05/1986, 00.00.00","JM",1
476,"A","26/09/1986, 00.00.00","AM",2
477,"A","26/09/1986, 00.00.00","AF",4
478,"A","26/09/1986, 00.00.00","BB",4
479,"A","26/09/1986, 00.00.00","JX",3
480,"A","26/09/1986, 00.00.00",,1
481,"A","08/10/1986, 00.00.00","AM",2
482,"A","08/10/1986, 00.00.00","AF",4
483,"A","08/10/1986, 00.00.00","JM",1
484,"A","08/10/1986, 00.00.00","JF",1
485,"A","08/10/1986, 00.00.00","BB",2
486,"A","08/10/1986, 00.00.00",,5
487,"A","16/10/1986, 00.00.00","AM",4
488,"A","16/10/1986, 00.00.00","AF",1
489,"A","16/10/1986, 00.00.00","BB",7
490,"A","16/10/1986, 00.00.00","JX",1
491,"A","16/10/1986, 00.00.00",,1
492,"A","05/11/1986, 00.00.00","AM",3
493,"A","05/11/1986, 00.00.00","BB",7
494,"A","27/11/1986, 00.00.00","AM",1
495,"A","27/11/1986, 00.00.00","AF",1
496,"A","27/11/1986, 00.00.00","BB",5
497,"A","27/11/1986, 00.00.00","JX",3
498,"A","27/11/1986, 00.00.00",,1
499,"A","16/12/1986, 00.00.00","AM",2
500,"A","16/12/1986, 00.00.00","AF",2
501,"A","16/12/1986, 00.00.00","BB",4
502,"A","16/12/1986, 00.00.00","JX",1
503,"A","16/12/1986, 00.00.00",,2
504,"A","08/01/1987, 00.00.00","AM",2
505,"A","08/01/1987, 00.00.00","BB",4
506,"A","08/01/1987, 00.00.00",,1
507,"A","19/01/1987, 00.00.00","AM",1
508,"A","19/01/1987, 00.00.00","AF",2
509,"A","19/01/1987, 00.00.00","BB",4
510,"A","27/01/1987, 00.00.00","AM",3
511,"A","27/01/1987, 00.00.00","AF",3
512,"A","27/01/1987, 00.00.00","BB",3
513,"A","27/01/1987, 00.00.00","JX",2
514,"A","27/01/1987, 00.00.00",,2
515,"A","06/02/1987, 00.00.00","AM",2
516,"A","06/02/1987, 00.00.00","BB",1
517,"A","06/02/1987, 00.00.00",,2
518,"A","17/02/1987, 00.00.00","AF",1
519,"A","17/02/1987, 00.00.00","BB",5
520,"A","17/02/1987, 00.00.00","JX",1
521,"A","17/02/1987, 00.00.00",,1
522,"A","20/02/1987, 00.00.00","AM",4
523,"A","20/02/1987, 00.00.00","AF",2
524,"A","20/02/1987, 00.00.00","BB",1
525,"A","10/03/1987, 00.00.00","AM",1
526,"A","10/03/1987, 00.00.00","AF",1
527,"A","10/03/1987, 00.00.00","JF",1
528,"A","10/03/1987, 00.00.00","BB",2
529,"A","10/03/1987, 00.00.00",,1
530,"A","12/03/1987, 00.00.00","AM",5
531,"A","12/03/1987, 00.00.00","AF",3
532,"A","12/03/1987, 00.00.00","JF",1
533,"A","12/03/1987, 00.00.00","BB",3
534,"A","12/03/1987, 00.00.00","JX",1
535,"A","12/03/1987, 00.00.00",,1
536,"A","02/04/1987, 00.00.00","AM",4
537,"A","02/04/1987, 00.00.00","AF",1
538,"A","02/04/1987, 00.00.00","JM",1
539,"A","02/04/1987, 00.00.00","BB",2
540,"A","02/04/1987, 00.00.00",,1
541,"A","10/04/1987, 00.00.00","AM",4
542,"A","10/04/1987, 00.00.00","AF",1
543,"A","10/04/1987, 00.00.00","BB",2
544,"A","22/04/1987, 00.00.00","AM",4
545,"A","22/04/1987, 00.00.00","AF",1
546,"A","22/04/1987, 00.00.00","JM",1
547,"A","07/05/1987, 00.00.00","AM",2
548,"A","07/05/1987, 00.00.00","AF",1
549,"A","07/05/1987, 00.00.00","BB",2
550,"A","01/10/1987, 00.00.00","AM",1
551,"A","01/10/1987, 00.00.00","JX",3
552,"A","13/10/1987, 00.00.00","AM",1
553,"A","13/10/1987, 00.00.00","BB",2
554,"A","13/10/1987, 00.00.00","JX",2
555,"A","23/10/1987, 00.00.00","AM",1
556,"A","23/10/1987, 00.00.00","AF",1
557,"A","23/10/1987, 00.00.00","JF",1
558,"A","23/10/1987, 00.00.00","BB",5
559,"A","23/10/1987, 00.00.00","JX",1
560,"A","23/10/1987, 00.00.00",,4
561,"A","02/12/1987, 00.00.00","AM",7
562,"A","02/12/1987, 00.00.00","AF",2
563,"A","02/12/1987, 00.00.00","JM",1
564,"A","02/12/1987, 00.00.00","JF",2
565,"A","02/12/1987, 00.00.00","BB",4
566,"A","02/12/1987, 00.00.00",,3
567,"A","10/12/1987, 00.00.00","AM",5
568,"A","10/12/1987, 00.00.00","JM",1
569,"A","10/12/1987, 00.00.00","BB",2
570,"A","10/12/1987, 00.00.00",,4
571,"A","18/12/1987, 00.00.00","AM",2
572,"A","18/12/1987, 00.00.00","JM",2
573,"A","18/12/1987, 00.00.00","JF",3
574,"A","18/12/1987, 00.00.00","BB",5
575,"A","15/01/1988, 00.00.00","AM",1
576,"A","15/01/1988, 00.00.00","BB",2
577,"A","20/01/1988, 00.00.00","AM",2
578,"A","20/01/1988, 00.00.00","AF",1
579,"A","20/01/1988, 00.00.00","JM",1
580,"A","20/01/1988, 00.00.00","BB",3
581,"A","20/01/1988, 00.00.00",,1
582,"A","27/01/1988, 00.00.00","AM",3
583,"A","27/01/1988, 00.00.00","AF",1
584,"A","27/01/1988, 00.00.00","JF",1
585,"A","27/01/1988, 00.00.00","BB",3
586,"A","27/01/1988, 00.00.00","JX",1
587,"A","27/01/1988, 00.00.00",,2
588,"A","08/03/1988, 00.00.00","AM",8
589,"A","08/03/1988, 00.00.00","AF",1
590,"A","08/03/1988, 00.00.00","JF",2
591,"A","08/03/1988, 00.00.00","BB",1
592,"A","08/03/1988, 00.00.00",,2
593,"A","18/03/1988, 00.00.00","AM",1
594,"A","18/03/1988, 00.00.00","AF",3
595,"A","18/03/1988, 00.00.00","BB",1
596,"A","18/03/1988, 00.00.00","JX",1
597,"A","18/03/1988, 00.00.00",,1
598,"A","29/03/1988, 00.00.00","AM",5
599,"A","29/03/1988, 00.00.00","JM",1
600,"A","29/03/1988, 00.00.00","BB",1
601,"A","07/04/1988, 00.00.00","AM",3
602,"A","07/04/1988, 00.00.00","AF",2
603,"A","07/04/1988, 00.00.00","JF",1
604,"A","07/04/1988, 00.00.00",,2
605,"A","28/04/1988, 00.00.00","AM",2
606,"A","28/04/1988, 00.00.00","AF",1
607,"A","10/10/1988, 00.00.00","AM",2
608,"A","10/10/1988, 00.00.00","AF",2
609,"A","10/10/1988, 00.00.00","BB",4
610,"A","10/10/1988, 00.00.00","JX",2
611,"A","10/10/1988, 00.00.00",,1
612,"A","20/10/1988, 00.00.00","AM",3
613,"A","20/10/1988, 00.00.00","AF",6
614,"A","20/10/1988, 00.00.00","JF",1
615,"A","20/10/1988, 00.00.00","BB",4
616,"A","20/10/1988, 00.00.00","JX",3
617,"A","20/10/1988, 00.00.00",,2
618,"A","24/10/1988, 00.00.00","AM",3
619,"A","24/10/1988, 00.00.00","AF",2
620,"A","24/10/1988, 00.00.00","JM",1
621,"A","24/10/1988, 00.00.00","JF",1
622,"A","24/10/1988, 00.00.00","BB",8
623,"A","24/10/1988, 00.00.00","JX",2
624,"A","24/10/1988, 00.00.00",,1
625,"A","07/11/1988, 00.00.00","AM",2
626,"A","07/11/1988, 00.00.00","AF",3
627,"A","07/11/1988, 00.00.00","JF",2
628,"A","07/11/1988, 00.00.00","BB",3
629,"A","07/11/1988, 00.00.00","JX",2
630,"A","07/11/1988, 00.00.00",,4
631,"A","24/11/1988, 00.00.00","AM",2
632,"A","24/11/1988, 00.00.00","AF",3
633,"A","24/11/1988, 00.00.00","JM",1
634,"A","24/11/1988, 00.00.00","JF",2
635,"A","24/11/1988, 00.00.00","BB",6
636,"A","24/11/1988, 00.00.00","JX",1
637,"A","24/11/1988, 00.00.00",,3
638,"A","08/12/1988, 00.00.00","AM",3
639,"A","08/12/1988, 00.00.00","AF",7
640,"A","08/12/1988, 00.00.00","JM",1
641,"A","08/12/1988, 00.00.00","BB",6
642,"A","08/12/1988, 00.00.00","JX",3
643,"A","08/12/1988, 00.00.00",,3
644,"A","13/12/1988, 00.00.00","AM",5
645,"A","13/12/1988, 00.00.00","AF",5
646,"A","13/12/1988, 00.00.00","JM",1
647,"A","13/12/1988, 00.00.00","JF",1
648,"A","13/12/1988, 00.00.00","BB",7
649,"A","13/12/1988, 00.00.00","JX",2
650,"A","13/12/1988, 00.00.00",,2
651,"A","03/01/1989, 00.00.00","AM",4
652,"A","03/01/1989, 00.00.00","AF",1
653,"A","03/01/1989, 00.00.00","JM",1
654,"A","03/01/1989, 00.00.00","JF",1
655,"A","03/01/1989, 00.00.00","BB",5
656,"A","03/01/1989, 00.00.00","JX",2
657,"A","03/01/1989, 00.00.00",,6
658,"A","11/01/1989, 00.00.00","AM",3
659,"A","11/01/1989, 00.00.00","AF",1
660,"A","11/01/1989, 00.00.00","BB",5
661,"A","11/01/1989, 00.00.00","JX",1
662,"A","11/01/1989, 00.00.00",,4
663,"A","28/01/1989, 00.00.00","AM",3
664,"A","28/01/1989, 00.00.00","AF",3
665,"A","28/01/1989, 00.00.00","JM",1
666,"A","28/01/1989, 00.00.00","BB",11
667,"A","28/01/1989, 00.00.00","JX",1
668,"A","28/01/1989, 00.00.00",,5
669,"A","06/03/1989, 00.00.00","AM",5
670,"A","06/03/1989, 00.00.00","JF",1
671,"A","06/03/1989, 00.00.00","BB",9
672,"A","06/03/1989, 00.00.00",,1
673,"A","10/03/1989, 00.00.00","AM",4
674,"A","10/03/1989, 00.00.00","AF",1
675,"A","10/03/1989, 00.00.00","JM",1
676,"A","10/03/1989, 00.00.00","JF",1
677,"A","10/03/1989, 00.00.00","BB",5
678,"A","10/03/1989, 00.00.00",,2
679,"A","20/03/1989, 00.00.00","AM",3
680,"A","20/03/1989, 00.00.00","AF",3
681,"A","20/03/1989, 00.00.00","JM",1
682,"A","20/03/1989, 00.00.00","BB",4
683,"A","20/03/1989, 00.00.00",,3
684,"A","30/03/1989, 00.00.00","AM",4
685,"A","30/03/1989, 00.00.00","AF",2
686,"A","30/03/1989, 00.00.00","JF",1
687,"A","30/03/1989, 00.00.00","BB",3
688,"A","30/03/1989, 00.00.00",,1
689,"A","14/04/1989, 00.00.00","AM",4
690,"A","14/04/1989, 00.00.00","AF",2
691,"A","14/04/1989, 00.00.00","JM",1
692,"A","14/04/1989, 00.00.00","BB",2
693,"A","14/04/1989, 00.00.00","JX",1
694,"M","06/01/1981, 00.00.00","AM",3
695,"M","06/01/1981, 00.00.00","BB",1
696,"M","06/01/1981, 00.00.00",,1
697,"M","24/10/1980, 00.00.00","JM",1
698,"M","24/10/1980, 00.00.00","BB",1
699,"M","24/10/1980, 00.00.00",,2
700,"M","04/11/1980, 00.00.00","AM",1
701,"M","04/11/1980, 00.00.00","AF",1
702,"M","04/11/1980, 00.00.00","JM",1
703,"M","04/11/1980, 00.00.00","BB",2
704,"M","04/11/1980, 00.00.00",,1
705,"M","12/11/1980, 00.00.00","AM",1
706,"M","12/11/1980, 00.00.00","JM",1
707,"M","12/11/1980, 00.00.00","BB",5
708,"M","25/11/1980, 00.00.00","AM",3
709,"M","25/11/1980, 00.00.00","AF",1
710,"M","25/11/1980, 00.00.00","JM",1
711,"M","25/11/1980, 00.00.00","BB",1
712,"M","25/11/1980, 00.00.00",,1
713,"M","05/12/1980, 00.00.00","AM",1
714,"M","05/12/1980, 00.00.00","BB",2
715,"M","05/12/1980, 00.00.00",,1
716,"M","09/12/1980, 00.00.00","AM",1
717,"M","09/12/1980, 00.00.00","BB",2
718,"M","09/12/1980, 00.00.00",,1
719,"M","14/01/1981, 00.00.00","AM",2
720,"M","14/01/1981, 00.00.00","JM",1
721,"M","14/01/1981, 00.00.00","BB",1
722,"M","26/01/1981, 00.00.00","AM",1
723,"M","26/01/1981, 00.00.00","AF",2
724,"M","26/01/1981, 00.00.00","BB",2
725,"M","05/02/1981, 00.00.00","AM",2
726,"M","05/02/1981, 00.00.00","AF",1
727,"M","05/02/1981, 00.00.00","BB",2
728,"M","13/02/1981, 00.00.00","AM",1
729,"M","13/02/1981, 00.00.00","AF",1
730,"M","13/02/1981, 00.00.00","JM",1
731,"M","13/02/1981, 00.00.00",,2
732,"M","26/02/1981, 00.00.00","AM",2
733,"M","26/02/1981, 00.00.00","AF",4
734,"M","26/02/1981, 00.00.00","JM",1
735,"M","06/03/1981, 00.00.00","AM",1
736,"M","06/03/1981, 00.00.00","AF",2
737,"M","06/03/1981, 00.00.00","BB",1
738,"M","17/03/1981, 00.00.00","AM",2
739,"M","17/03/1981, 00.00.00","AF",4
740,"M","17/03/1981, 00.00.00","BB",2
741,"M","17/03/1981, 00.00.00",,2
742,"M","23/03/1981, 00.00.00","AM",6
743,"M","23/03/1981, 00.00.00","AF",1
744,"M","23/03/1981, 00.00.00","JM",1
745,"M","03/04/1981, 00.00.00","AM",2
746,"M","03/04/1981, 00.00.00","AF",2
747,"M","03/04/1981, 00.00.00",,1
748,"M","18/04/1981, 00.00.00","AM",2
749,"M","18/04/1981, 00.00.00","AF",2
750,"M","18/04/1981, 00.00.00","JM",1
751,"M","18/04/1981, 00.00.00","JF",1
752,"M","18/04/1981, 00.00.00",,1
753,"M","27/04/1981, 00.00.00","AM",1
754,"M","27/04/1981, 00.00.00","JM",1
755,"M","27/04/1981, 00.00.00","BB",1
756,"M","08/05/1981, 00.00.00","AM",3
757,"M","08/05/1981, 00.00.00","AF",1
758,"M","08/05/1981, 00.00.00","BB",1
759,"M","08/05/1981, 00.00.00",,3
760,"M","08/10/1981, 00.00.00","AM",1
761,"M","08/10/1981, 00.00.00","BB",3
762,"M","08/10/1981, 00.00.00",,2
763,"M","15/10/1981, 00.00.00","AM",1
764,"M","15/10/1981, 00.00.00","AF",1
765,"M","15/10/1981, 00.00.00","BB",3
766,"M","15/10/1981, 00.00.00",,1
767,"M","23/10/1981, 00.00.00","AF",1
768,"M","23/10/1981, 00.00.00","JF",1
769,"M","23/10/1981, 00.00.00","BB",2
770,"M","06/11/1981, 00.00.00","AM",1
771,"M","06/11/1981, 00.00.00","JM",1
772,"M","06/11/1981, 00.00.00","JF",2
773,"M","06/11/1981, 00.00.00","BB",2
774,"M","17/11/1981, 00.00.00","AM",1
775,"M","17/11/1981, 00.00.00","AF",1
776,"M","17/11/1981, 00.00.00","BB",2
777,"M","25/11/1981, 00.00.00","AF",1
778,"M","25/11/1981, 00.00.00","JM",1
779,"M","25/11/1981, 00.00.00","BB",2
780,"M","03/12/1981, 00.00.00","AM",4
781,"M","03/12/1981, 00.00.00","AF",1
782,"M","03/12/1981, 00.00.00","JF",1
783,"M","22/12/1981, 00.00.00","AM",1
784,"M","22/12/1981, 00.00.00","AF",2
785,"M","22/12/1981, 00.00.00","BB",1
786,"M","31/12/1981, 00.00.00","AM",1
787,"M","31/12/1981, 00.00.00","AF",2
788,"M","31/12/1981, 00.00.00","JM",2
789,"M","31/12/1981, 00.00.00","BB",2
790,"M","05/01/1982, 00.00.00","AM",2
791,"M","05/01/1982, 00.00.00","JF",1
792,"M","14/01/1982, 00.00.00","AM",2
793,"M","14/01/1982, 00.00.00","AF",3
794,"M","14/01/1982, 00.00.00","BB",1
795,"M","28/01/1982, 00.00.00","AM",1
796,"M","28/01/1982, 00.00.00","BB",2
797,"M","02/02/1982, 00.00.00","AM",4
798,"M","02/02/1982, 00.00.00","AF",2
799,"M","02/02/1982, 00.00.00","BB",1
800,"M","16/02/1982, 00.00.00","AM",2
801,"M","16/02/1982, 00.00.00","AF",1
802,"M","16/02/1982, 00.00.00","BB",1
803,"M","24/02/1982, 00.00.00","AM",1
804,"M","24/02/1982, 00.00.00","AF",1
805,"M","09/03/1982, 00.00.00","AM",2
806,"M","18/03/1982, 00.00.00","AM",1
807,"M","18/03/1982, 00.00.00","AF",2
808,"M","18/03/1982, 00.00.00",,1
809,"M","26/03/1982, 00.00.00","AM",1
810,"M","26/03/1982, 00.00.00","AF",2
811,"M","26/03/1982, 00.00.00","BB",3
812,"M","26/03/1982, 00.00.00",,1
813,"M","08/04/1982, 00.00.00","AM",4
814,"M","08/04/1982, 00.00.00","AF",4
815,"M","13/04/1982, 00.00.00","AM",1
816,"M","13/04/1982, 00.00.00","AF",2
817,"M","13/04/1982, 00.00.00","BB",1
818,"M","27/04/1982, 00.00.00","AM",1
819,"M","27/04/1982, 00.00.00","AF",4
820,"M","17/09/1982, 00.00.00","AM",1
821,"M","17/09/1982, 00.00.00","BB",4
822,"M","17/09/1982, 00.00.00",,1
823,"M","06/10/1982, 00.00.00","AM",2
824,"M","06/10/1982, 00.00.00","AF",1
825,"M","06/10/1982, 00.00.00","BB",4
826,"M","18/10/1982, 00.00.00","AM",2
827,"M","18/10/1982, 00.00.00","BB",4
828,"M","27/10/1982, 00.00.00","AM",3
829,"M","27/10/1982, 00.00.00","JM",1
830,"M","08/11/1982, 00.00.00","AM",2
831,"M","08/11/1982, 00.00.00","AF",1
832,"M","08/11/1982, 00.00.00","JM",1
833,"M","08/11/1982, 00.00.00","BB",1
834,"M","08/11/1982, 00.00.00",,1
835,"M","15/11/1982, 00.00.00","AM",1
836,"M","15/11/1982, 00.00.00","AF",1
837,"M","15/11/1982, 00.00.00","BB",3
838,"M","15/11/1982, 00.00.00",,2
839,"M","24/11/1982, 00.00.00","JM",1
840,"M","24/11/1982, 00.00.00","BB",3
841,"M","02/12/1982, 00.00.00","AM",2
842,"M","02/12/1982, 00.00.00","AF",1
843,"M","02/12/1982, 00.00.00","JM",1
844,"M","02/12/1982, 00.00.00","BB",1
845,"M","31/12/1982, 00.00.00","AM",1
846,"M","31/12/1982, 00.00.00","AF",2
847,"M","31/12/1982, 00.00.00","BB",2
848,"M","11/01/1983, 00.00.00","AF",1
849,"M","11/01/1983, 00.00.00","JM",2
850,"M","11/01/1983, 00.00.00","BB",2
851,"M","17/01/1983, 00.00.00","AM",3
852,"M","17/01/1983, 00.00.00","AF",1
853,"M","17/01/1983, 00.00.00","BB",1
854,"M","26/01/1983, 00.00.00","AM",3
855,"M","26/01/1983, 00.00.00","AF",2
856,"M","26/01/1983, 00.00.00","BB",3
857,"M","08/02/1983, 00.00.00","AF",2
858,"M","08/02/1983, 00.00.00","BB",1
859,"M","16/02/1983, 00.00.00","AM",2
860,"M","16/02/1983, 00.00.00","AF",2
861,"M","16/02/1983, 00.00.00","JM",1
862,"M","16/02/1983, 00.00.00","BB",1
863,"M","28/02/1983, 00.00.00","AM",3
864,"M","03/03/1983, 00.00.00","AM",2
865,"M","03/03/1983, 00.00.00","JM",1
866,"M","03/03/1983, 00.00.00","BB",1
867,"M","03/03/1983, 00.00.00",,1
868,"M","14/03/1983, 00.00.00","AM",2
869,"M","14/03/1983, 00.00.00","AF",2
870,"M","14/03/1983, 00.00.00","BB",1
871,"M","28/03/1983, 00.00.00","AM",4
872,"M","28/03/1983, 00.00.00","JF",1
873,"M","28/03/1983, 00.00.00","BB",1
874,"M","07/04/1983, 00.00.00","BB",2
875,"M","07/04/1983, 00.00.00",,1
876,"M","15/04/1983, 00.00.00","AM",2
877,"M","15/04/1983, 00.00.00","JM",1
878,"M","15/04/1983, 00.00.00","BB",2
879,"M","27/09/1983, 00.00.00","AM",1
880,"M","27/09/1983, 00.00.00","AF",2
881,"M","27/09/1983, 00.00.00","BB",5
882,"M","06/10/1983, 00.00.00","AM",2
883,"M","06/10/1983, 00.00.00","AF",2
884,"M","06/10/1983, 00.00.00","BB",1
885,"M","20/10/1983, 00.00.00","AM",4
886,"M","20/10/1983, 00.00.00","AF",1
887,"M","20/10/1983, 00.00.00",,2
888,"M","26/10/1983, 00.00.00","AM",5
889,"M","26/10/1983, 00.00.00","AF",1
890,"M","26/10/1983, 00.00.00","BB",2
891,"M","03/11/1983, 00.00.00","AM",1
892,"M","03/11/1983, 00.00.00","AF",3
893,"M","03/11/1983, 00.00.00","BB",2
894,"M","03/11/1983, 00.00.00","JX",1
895,"M","03/11/1983, 00.00.00",,1
896,"M","17/11/1983, 00.00.00","AF",1
897,"M","17/11/1983, 00.00.00","BB",1
898,"M","17/11/1983, 00.00.00",,1
899,"M","22/11/1983, 00.00.00","AM",1
900,"M","22/11/1983, 00.00.00","AF",2
901,"M","22/11/1983, 00.00.00","BB",7
902,"M","07/12/1983, 00.00.00","AM",3
903,"M","07/12/1983, 00.00.00","JM",1
904,"M","07/12/1983, 00.00.00","BB",2
905,"M","07/12/1983, 00.00.00","JX",1
906,"M","13/12/1983, 00.00.00","AM",2
907,"M","13/12/1983, 00.00.00","AF",1
908,"M","13/12/1983, 00.00.00","BB",3
909,"M","29/12/1983, 00.00.00","AM",2
910,"M","29/12/1983, 00.00.00","BB",2
911,"M","16/01/1984, 00.00.00","AM",2
912,"M","16/01/1984, 00.00.00","AF",2
913,"M","16/01/1984, 00.00.00","BB",1
914,"M","25/01/1984, 00.00.00","AM",1
915,"M","25/01/1984, 00.00.00","AF",4
916,"M","25/01/1984, 00.00.00","JX",1
917,"M","03/02/1984, 00.00.00","AF",1
918,"M","03/02/1984, 00.00.00","BB",1
919,"M","14/02/1984, 00.00.00","AM",1
920,"M","14/02/1984, 00.00.00","AF",1
921,"M","14/02/1984, 00.00.00","JM",1
922,"M","14/02/1984, 00.00.00","BB",4
923,"M","14/02/1984, 00.00.00",,1
924,"M","14/03/1984, 00.00.00","AM",3
925,"M","14/03/1984, 00.00.00","AF",3
926,"M","14/03/1984, 00.00.00","JM",1
927,"M","28/03/1984, 00.00.00","AM",4
928,"M","28/03/1984, 00.00.00","AF",1
929,"M","28/03/1984, 00.00.00","BB",3
930,"M","28/03/1984, 00.00.00",,1
931,"M","05/04/1984, 00.00.00","AF",1
932,"M","05/04/1984, 00.00.00",,1
933,"M","16/04/1984, 00.00.00","AM",4
934,"M","16/04/1984, 00.00.00","JM",1
935,"M","16/04/1984, 00.00.00","BB",2
936,"M","25/04/1984, 00.00.00","AM",1
937,"M","25/04/1984, 00.00.00","AF",3
938,"M","25/04/1984, 00.00.00",,1
939,"M","27/09/1984, 00.00.00","AM",2
940,"M","27/09/1984, 00.00.00","AF",1
941,"M","27/09/1984, 00.00.00","BB",1
942,"M","03/10/1984, 00.00.00","JM",2
943,"M","03/10/1984, 00.00.00","JF",1
944,"M","03/10/1984, 00.00.00","BB",3
945,"M","12/10/1984, 00.00.00","AM",2
946,"M","12/10/1984, 00.00.00","JM",1
947,"M","12/10/1984, 00.00.00","JF",1
948,"M","12/10/1984, 00.00.00","BB",2
949,"M","30/10/1984, 00.00.00","AM",1
950,"M","30/10/1984, 00.00.00","AF",1
951,"M","30/10/1984, 00.00.00","BB",2
952,"M","30/10/1984, 00.00.00","JX",1
953,"M","12/11/1984, 00.00.00","AM",1
954,"M","12/11/1984, 00.00.00","AF",1
955,"M","12/11/1984, 00.00.00","JF",1
956,"M","12/11/1984, 00.00.00","BB",1
957,"M","12/11/1984, 00.00.00","JX",1
958,"M","19/11/1984, 00.00.00","AM",3
959,"M","19/11/1984, 00.00.00","AF",3
960,"M","19/11/1984, 00.00.00","JM",1
961,"M","19/11/1984, 00.00.00","JF",1
962,"M","19/11/1984, 00.00.00","BB",1
963,"M","30/11/1984, 00.00.00","JM",2
964,"M","06/12/1984, 00.00.00","JM",1
965,"M","06/12/1984, 00.00.00","BB",2
966,"M","06/12/1984, 00.00.00","JX",1
967,"M","14/12/1984, 00.00.00","AM",2
968,"M","14/12/1984, 00.00.00","AF",2
969,"M","14/12/1984, 00.00.00","BB",1
970,"M","21/12/1984, 00.00.00","AM",1
971,"M","21/12/1984, 00.00.00","AF",2
972,"M","21/12/1984, 00.00.00","JM",2
973,"M","21/12/1984, 00.00.00","BB",3
974,"M","04/01/1985, 00.00.00","AM",2
975,"M","04/01/1985, 00.00.00","BB",3
976,"M","15/01/1985, 00.00.00","AF",1
977,"M","15/01/1985, 00.00.00","BB",1
978,"M","22/01/1985, 00.00.00","AF",2
979,"M","14/02/1985, 00.00.00","AM",1
980,"M","14/02/1985, 00.00.00","AF",1
981,"M","14/02/1985, 00.00.00","JM",1
982,"M","14/02/1985, 00.00.00","BB",1
983,"M","04/03/1985, 00.00.00","AM",3
984,"M","04/03/1985, 00.00.00","AF",1
985,"M","13/03/1985, 00.00.00","AM",2
986,"M","13/03/1985, 00.00.00","AF",1
987,"M","13/03/1985, 00.00.00","JM",1
988,"M","13/03/1985, 00.00.00","BB",1
989,"M","25/03/1985, 00.00.00","AM",3
990,"M","25/03/1985, 00.00.00","AF",2
991,"M","25/03/1985, 00.00.00","BB",1
992,"M","04/04/1985, 00.00.00","AM",1
993,"M","04/04/1985, 00.00.00","AF",1
994,"M","04/04/1985, 00.00.00","JF",1
995,"M","04/04/1985, 00.00.00","BB",1
996,"M","16/04/1985, 00.00.00","AM",2
997,"M","16/04/1985, 00.00.00","AF",2
998,"M","16/04/1985, 00.00.00","BB",1
999,"M","29/04/1985, 00.00.00","AM",3
1000,"M","29/04/1985, 00.00.00","AF",2
1001,"M","27/09/1985, 00.00.00","AM",2
1002,"M","27/09/1985, 00.00.00","AF",1
1003,"M","27/09/1985, 00.00.00","JF",1
1004,"M","09/10/1985, 00.00.00","AM",3
1005,"M","09/10/1985, 00.00.00","AF",1
1006,"M","09/10/1985, 00.00.00","JF",1
1007,"M","09/10/1985, 00.00.00","BB",1
1008,"M","14/10/1985, 00.00.00","AM",2
1009,"M","14/10/1985, 00.00.00","AF",1
1010,"M","14/10/1985, 00.00.00","JM",1
1011,"M","14/10/1985, 00.00.00","BB",2
1012,"M","26/11/1985, 00.00.00","AM",2
1013,"M","26/11/1985, 00.00.00","AF",1
1014,"M","26/11/1985, 00.00.00","JM",1
1015,"M","26/11/1985, 00.00.00","BB",3
1016,"M","26/11/1985, 00.00.00","JX",1
1017,"M","04/12/1985, 00.00.00","AM",1
1018,"M","04/12/1985, 00.00.00","AF",1
1019,"M","04/12/1985, 00.00.00","BB",1
1020,"M","04/12/1985, 00.00.00","JX",1
1021,"M","12/12/1985, 00.00.00","AM",4
1022,"M","12/12/1985, 00.00.00","AF",1
1023,"M","12/12/1985, 00.00.00","JM",1
1024,"M","12/12/1985, 00.00.00","JF",1
1025,"M","12/12/1985, 00.00.00","BB",3
1026,"M","20/12/1985, 00.00.00","AM",1
1027,"M","20/12/1985, 00.00.00","AF",1
1028,"M","20/12/1985, 00.00.00","JF",1
1029,"M","20/12/1985, 00.00.00","BB",3
1030,"M","03/01/1986, 00.00.00","AM",2
1031,"M","03/01/1986, 00.00.00","JM",1
1032,"M","16/01/1986, 00.00.00","AM",1
1033,"M","16/01/1986, 00.00.00","AF",2
1034,"M","16/01/1986, 00.00.00","JM",1
1035,"M","16/01/1986, 00.00.00","JX",1
1036,"M","21/01/1986, 00.00.00","AM",1
1037,"M","21/01/1986, 00.00.00","JM",1
1038,"M","21/01/1986, 00.00.00","JX",1
1039,"M","19/02/1986, 00.00.00","AM",3
1040,"M","19/02/1986, 00.00.00","BB",1
1041,"M","25/02/1986, 00.00.00","AM",2
1042,"M","25/02/1986, 00.00.00","AF",2
1043,"M","25/02/1986, 00.00.00","JM",2
1044,"M","25/02/1986, 00.00.00","BB",1
1045,"M","05/03/1986, 00.00.00","AM",1
1046,"M","05/03/1986, 00.00.00","AF",1
1047,"M","05/03/1986, 00.00.00","BB",1
1048,"M","17/03/1986, 00.00.00","AM",3
1049,"M","17/03/1986, 00.00.00","AF",1
1050,"M","17/03/1986, 00.00.00","JF",1
1051,"M","11/04/1986, 00.00.00","AM",2
1052,"M","11/04/1986, 00.00.00","JF",1
1053,"M","14/04/1986, 00.00.00","AM",3
1054,"M","21/04/1986, 00.00.00","AM",4
1055,"M","21/04/1986, 00.00.00","AF",2
1056,"M","21/04/1986, 00.00.00","JF",1
1057,"M","21/04/1986, 00.00.00","BB",1
1058,"M","29/04/1986, 00.00.00","AF",1
1059,"M","24/09/1986, 00.00.00","AM",1
1060,"M","24/09/1986, 00.00.00","AF",1
1061,"M","07/10/1986, 00.00.00","AM",1
1062,"M","07/10/1986, 00.00.00","BB",2
1063,"M","07/10/1986, 00.00.00","JX",1
1064,"M","15/10/1986, 00.00.00","AM",3
1065,"M","15/10/1986, 00.00.00","AF",2
1066,"M","24/10/1986, 00.00.00","JF",1
1067,"M","04/11/1986, 00.00.00","AM",1
1068,"M","04/11/1986, 00.00.00","AF",2
1069,"M","04/11/1986, 00.00.00","BB",1
1070,"M","28/11/1986, 00.00.00","AM",2
1071,"M","28/11/1986, 00.00.00","AF",1
1072,"M","28/11/1986, 00.00.00","BB",1
1073,"M","23/12/1986, 00.00.00","AM",3
1074,"M","23/12/1986, 00.00.00","AF",1
1075,"M","07/01/1987, 00.00.00","AM",1
1076,"M","07/01/1987, 00.00.00","AF",1
1077,"M","28/01/1987, 00.00.00","AM",1
1078,"M","28/01/1987, 00.00.00","BB",2
1079,"M","03/02/1987, 00.00.00","AM",2
1080,"M","03/02/1987, 00.00.00","BB",2
1081,"M","18/02/1987, 00.00.00","AM",2
1082,"M","18/02/1987, 00.00.00","AF",1
1083,"M","18/02/1987, 00.00.00","BB",1
1084,"M","24/02/1987, 00.00.00","AM",2
1085,"M","24/02/1987, 00.00.00","AF",1
1086,"M","24/02/1987, 00.00.00","BB",4
1087,"M","11/03/1987, 00.00.00","AM",2
1088,"M","11/03/1987, 00.00.00","BB",1
1089,"M","09/04/1987, 00.00.00","JM",1
1090,"M","09/04/1987, 00.00.00","BB",1
1091,"M","04/05/1987, 00.00.00","AM",1
1092,"M","30/09/1987, 00.00.00","AM",1
1093,"M","30/09/1987, 00.00.00","BB",3
1094,"M","30/09/1987, 00.00.00",,1
1095,"M","12/10/1987, 00.00.00","JM",1
1096,"M","12/10/1987, 00.00.00","JF",1
1097,"M","12/10/1987, 00.00.00","BB",1
1098,"M","12/10/1987, 00.00.00","JX",1
1099,"M","12/10/1987, 00.00.00",,2
1100,"M","22/10/1987, 00.00.00","AM",1
1101,"M","22/10/1987, 00.00.00","BB",3
1102,"M","22/10/1987, 00.00.00","JX",1
1103,"M","22/10/1987, 00.00.00",,2
1104,"M","10/11/1987, 00.00.00","AM",2
1105,"M","10/11/1987, 00.00.00","BB",6
1106,"M","10/11/1987, 00.00.00","JX",1
1107,"M","03/12/1987, 00.00.00","AM",1
1108,"M","03/12/1987, 00.00.00","BB",4
1109,"M","03/12/1987, 00.00.00",,3
1110,"M","14/12/1987, 00.00.00","AM",1
1111,"M","14/12/1987, 00.00.00","BB",4
1112,"M","14/12/1987, 00.00.00",,2
1113,"M","30/12/1987, 00.00.00","AM",2
1114,"M","14/01/1988, 00.00.00","AM",4
1115,"M","14/01/1988, 00.00.00","JM",1
1116,"M","14/01/1988, 00.00.00",,1
1117,"M","26/01/1988, 00.00.00","AM",2
1118,"M","26/01/1988, 00.00.00","BB",2
1119,"M","02/03/1988, 00.00.00","AM",3
1120,"M","02/03/1988, 00.00.00","AF",1
1121,"M","02/03/1988, 00.00.00","BB",2
1122,"M","02/03/1988, 00.00.00",,2
1123,"M","09/03/1988, 00.00.00","AM",1
1124,"M","09/03/1988, 00.00.00","AF",1
1125,"M","09/03/1988, 00.00.00","BB",3
1126,"M","17/03/1988, 00.00.00","AM",3
1127,"M","17/03/1988, 00.00.00","AF",2
1128,"M","17/03/1988, 00.00.00","BB",2
1129,"M","05/04/1988, 00.00.00","AM",1
1130,"M","05/04/1988, 00.00.00","AF",2
1131,"M","05/04/1988, 00.00.00","BB",1
1132,"M","15/04/1988, 00.00.00","AM",2
1133,"M","15/04/1988, 00.00.00",,1
1134,"M","29/04/1988, 00.00.00","AM",1
1135,"M","29/04/1988, 00.00.00","BB",1
1136,"M","29/04/1988, 00.00.00",,1
1137,"M","04/10/1988, 00.00.00","AM",5
1138,"M","04/10/1988, 00.00.00","JM",1
1139,"M","04/10/1988, 00.00.00","BB",3
1140,"M","04/10/1988, 00.00.00","JX",2
1141,"M","17/10/1988, 00.00.00","AM",1
1142,"M","17/10/1988, 00.00.00","BB",3
1143,"M","17/10/1988, 00.00.00",,1
1144,"M","27/10/1988, 00.00.00","AM",4
1145,"M","27/10/1988, 00.00.00","AF",1
1146,"M","27/10/1988, 00.00.00","BB",3
1147,"M","27/10/1988, 00.00.00","JX",1
1148,"M","27/10/1988, 00.00.00",,1
1149,"M","15/11/1988, 00.00.00","AM",4
1150,"M","15/11/1988, 00.00.00","AF",2
1151,"M","15/11/1988, 00.00.00","BB",2
1152,"M","22/11/1988, 00.00.00","AM",2
1153,"M","22/11/1988, 00.00.00","BB",6
1154,"M","22/11/1988, 00.00.00","JX",1
1155,"M","07/12/1988, 00.00.00","AM",3
1156,"M","07/12/1988, 00.00.00","BB",4
1157,"M","07/12/1988, 00.00.00",,2
1158,"M","14/12/1988, 00.00.00","AM",4
1159,"M","14/12/1988, 00.00.00","BB",2
1160,"M","14/12/1988, 00.00.00","JX",1
1161,"M","14/12/1988, 00.00.00",,3
1162,"M","20/12/1988, 00.00.00","AM",2
1163,"M","20/12/1988, 00.00.00","BB",5
1164,"M","20/12/1988, 00.00.00",,1
1165,"M","02/01/1989, 00.00.00","AM",5
1166,"M","02/01/1989, 00.00.00","AF",1
1167,"M","02/01/1989, 00.00.00","JM",1
1168,"M","02/01/1989, 00.00.00","BB",4
1169,"M","10/01/1989, 00.00.00","AM",2
1170,"M","10/01/1989, 00.00.00","BB",4
1171,"M","10/01/1989, 00.00.00",,2
1172,"M","18/01/1989, 00.00.00","BB",2
1173,"M","18/01/1989, 00.00.00","JX",2
1174,"M","18/01/1989, 00.00.00",,2
1175,"M","26/01/1989, 00.00.00","AM",3
1176,"M","26/01/1989, 00.00.00","BB",2
1177,"M","03/03/1989, 00.00.00","AM",7
1178,"M","03/03/1989, 00.00.00","AF",1
1179,"M","03/03/1989, 00.00.00","BB",1
1180,"M","08/03/1989, 00.00.00","AM",4
1181,"M","08/03/1989, 00.00.00","AF",1
1182,"M","08/03/1989, 00.00.00","BB",2
1183,"M","08/03/1989, 00.00.00",,1
1184,"M","14/03/1989, 00.00.00","AM",4
1185,"M","14/03/1989, 00.00.00","JF",1
1186,"M","14/03/1989, 00.00.00","BB",3
1187,"M","14/03/1989, 00.00.00",,1
1188,"M","21/03/1989, 00.00.00","AM",1
1189,"M","21/03/1989, 00.00.00","JF",1
1190,"M","21/03/1989, 00.00.00","BB",1
1191,"M","29/03/1989, 00.00.00","AM",2
1192,"M","29/03/1989, 00.00.00","AF",1
1193,"M","29/03/1989, 00.00.00","JF",1
1194,"M","29/03/1989, 00.00.00","BB",3
1195,"M","29/03/1989, 00.00.00",,1
1196,"M","12/04/1989, 00.00.00","AM",2
1197,"M","12/04/1989, 00.00.00","AF",1
1198,"M","12/04/1989, 00.00.00","BB",1
