"SightingID","BehavModifier","BehavSpp"
17,"4","6"
19,"1","1"
22,"13","13"
23,"13","13"
28,"13","13"
29,"11","11"
30,"11","11"
46,"2","5"
50,"4","1"
62,"2","6"
64,"2","5"
65,"5","5"
83,"13","13"
84,"13","13"
99,"1","6"
102,"1","7"
110,"13","13"
117,"1","7"
127,"1","6"
138,"2","6"
150,"11","11"
151,"11","11"
154,"2","1"
160,"13","17"
166,"4","6"
168,"15","0"
169,"11","11"
171,"15","0"
172,"15","0"
173,"0","1"
174,"13","13"
202,"2","6"
239,"0","1"
242,"0","1"
245,"0","1"
246,"0","1"
251,"1","7"
297,"0","1"
326,"0","7"
341,"2","6"
365,"14","0"
370,"14","0"
371,"14","0"
372,"14","0"
373,"14","0"
374,"14","0"
393,"1","7"
407,"14","0"
409,"14","0"
412,"14","0"
413,"14","0"
421,"2","1"
437,"13","12"
458,"0","6"
459,"12","16"
467,"15","0"
468,"15","0"
473,"1","7"
478,"11","11"
479,"11","11"
486,"14","0"
487,"14","0"
488,"1","0"
495,"15","0"
499,"1","9"
502,"2","5"
505,"1","6"
511,"1","6"
536,"15","0"
537,"15","0"
598,"12","11"
601,"13","11"
610,"11","11"
611,"11","11"
615,"15","0"
616,"15","0"
617,"15","0"
626,"1","6"
642,"0","4"
643,"0","4"
644,"13","12"
649,"0","1"
664,"2","6"
665,"12","11"
666,"13","11"
668,"1","6"
670,"14","0"
671,"14","0"
690,"12","11"
691,"12","11"
692,"13","11"
693,"13","11"
694,"0","6"
695,"0","6"
698,"13","13"
702,"0","7"
705,"0","4"
709,"2","5"
711,"2","1"
716,"2","5"
720,"15","0"
733,"13","12"
737,"2","6"
744,"1","7"
747,"13","11"
748,"12","11"
754,"0","4"
760,"0","1"
764,"14","0"
765,"14","0"
770,"0","2"
776,"15","0"
777,"11","11"
779,"11","11"
780,"11","11"
783,"2","5"
784,"0","5"
787,"14","0"
788,"14","0"
791,"2","5"
792,"0","5"
796,"2","6"
798,"1","6"
799,"2","6"
800,"0","6"
804,"15","0"
805,"15","0"
813,"13","11"
814,"12","11"
817,"4","9"
820,"0","1"
824,"12","12"
830,"0","6"
834,"13","11"
835,"12","11"
850,"14","0"
851,"14","0"
852,"0","5"
861,"1","6"
868,"15","0"
869,"12","11"
870,"15","0"
871,"13","11"
872,"14","0"
877,"12","14"
883,"11","11"
884,"2","5"
885,"15","0"
889,"15","0"
893,"15","0"
898,"0","7"
899,"5","7"
902,"0","5"
906,"0","9"
907,"0","7"
910,"2","5"
931,"0","9"
932,"0","9"
933,"0","9"
934,"13","11"
935,"13","11"
936,"12","11"
938,"1","7"
941,"0","9"
942,"0","9"
960,"0","9"
962,"0","7"
963,"2","5"
980,"0","6"
990,"1","6"
991,"2","6"
995,"2","6"
998,"2","6"
999,"6","9"
1004,"2","6"
1007,"2","6"
1011,"1","6"
1018,"2","6"
1019,"6","9"
1020,"13","13"
1022,"13","13"
1031,"9","9"
1045,"1","7"
1049,"3","6"
1056,"4","1"
1057,"4","1"
1058,"4","1"
1061,"2","1"
1063,"4","1"
1065,"4","1"
1074,"2","1"
1080,"9","9"
1088,"4","1"
1093,"4","1"
1097,"4","1"
1100,"3","6"
1109,"9","9"
1115,"9","9"
1116,"9","9"
1121,"13","13"
1128,"4","1"
1130,"2","5"
1134,"2","3"
1135,"1","1"
1136,"2","3"
1143,"13","13"
1151,"4","1"
1154,"1","6"
1158,"3","6"
1161,"2","3"
1162,"2","3"
1163,"2","2"
1164,"2","3"
1165,"2","1"
1167,"13","13"
1172,"3","6"
1187,"4","9"
1189,"2","6"
1193,"4","9"
1196,"1","7"
1201,"1","6"
1204,"13","14"
1206,"3","7"
1221,"4","1"
1222,"2","1"
1223,"2","1"
1225,"4","1"
1227,"3","6"
1229,"4","1"
1235,"3","7"
1237,"1","1"
1239,"3","7"
1242,"3","7"
1246,"1","9"
1249,"3","7"
1251,"4","1"
1259,"4","1"
1260,"2","1"
1270,"2","7"
1271,"7","9"
1281,"3","7"
1282,"3","7"
1285,"3","7"
1297,"3","7"
1299,"3","6"
1313,"1","7"
1319,"3","7"
1320,"3","7"
1324,"3","7"
1330,"2","4"
1333,"3","7"
1335,"1","7"
1338,"3","7"
1344,"3","7"
1347,"2","6"
1353,"3","7"
1364,"3","4"
1372,"1","7"
1384,"1","6"
1386,"1","6"
1387,"4","9"
1389,"4","1"
1390,"12","11"
1399,"1","1"
1414,"9","9"
1434,"1","7"
1447,"3","7"
1461,"3","7"
1466,"2","6"
1469,"3","7"
1472,"1","7"
1495,"3","6"
1496,"3","6"
1508,"1","7"
1510,"3","7"
1515,"2","7"
1524,"2","1"
1527,"9","9"
1532,"4","1"
1537,"1","1"
1538,"2","2"
1545,"2","1"
1547,"4","1"
1548,"4","1"
1549,"2","1"
1553,"2","2"
1554,"1","1"
1557,"4","1"
1566,"3","7"
1569,"4","7"
1575,"3","7"
1579,"3","7"
1581,"3","7"
1584,"3","7"
1586,"1","7"
1589,"1","7"
1591,"3","7"
1597,"3","7"
1601,"1","7"
1604,"3","7"
1618,"3","7"
1622,"3","7"
1624,"1","7"
1638,"3","7"
1639,"1","7"
1642,"3","7"
1649,"1","6"
1659,"3","6"
1661,"4","1"
1664,"4","1"
1665,"2","1"
1666,"2","1"
1676,"12","11"
1681,"4","1"
1682,"4","1"
1683,"2","1"
1684,"4","1"
1686,"1","1"
1687,"2","1"
1688,"4","1"
1692,"2","1"
1693,"2","1"
1694,"1","1"
1695,"4","1"
1696,"4","1"
1697,"1","1"
1699,"4","1"
1700,"4","1"
1701,"4","1"
1702,"4","1"
1703,"2","1"
1704,"4","1"
1705,"1","1"
1706,"4","1"
1710,"4","1"
1711,"13","13"
1714,"1","4"
1720,"1","7"
1722,"4","1"
1724,"9","7"
1727,"4","1"
1728,"13","13"
1731,"2","1"
1732,"2","1"
1733,"4","1"
1738,"4","1"
1744,"4","1"
1748,"2","1"
1749,"4","3"
1750,"1","1"
1751,"2","1"
1753,"1","1"
1754,"4","1"
1756,"4","1"
1759,"4","1"
1760,"3","7"
1762,"4","1"
1767,"9","9"
1770,"1","6"
1773,"2","1"
1774,"1","1"
1775,"1","1"
1776,"1","1"
1777,"1","1"
1778,"2","1"
1780,"9","9"
1783,"4","1"
1791,"4","1"
1794,"4","1"
1795,"4","1"
1796,"2","1"
1797,"2","1"
1798,"4","1"
1799,"2","1"
1800,"2","1"
1801,"2","1"
1802,"1","1"
1803,"4","1"
1804,"2","1"
1805,"1","1"
1806,"1","1"
1808,"1","1"
1809,"1","1"
1810,"1","7"
1812,"1","1"
1813,"2","1"
1814,"1","1"
1815,"2","1"
1816,"2","1"
1817,"1","1"
1818,"2","1"
1819,"2","6"
1824,"4","1"
1834,"4","1"
1835,"2","1"
1836,"1","1"
1837,"4","1"
1838,"4","1"
1839,"2","1"
1840,"4","1"
1841,"2","1"
1842,"2","1"
1843,"2","1"
1844,"2","1"
1845,"4","1"
1850,"4","1"
1851,"2","1"
1859,"4","1"
1860,"1","7"
1862,"1","7"
1867,"3","7"
1871,"1","1"
1872,"4","1"
1873,"4","1"
1875,"3","7"
1878,"1","7"
1901,"3","7"
1912,"4","1"
1925,"1","6"
1931,"3","6"
1936,"9","7"
1940,"1","6"
1944,"3","7"
1946,"2","1"
1955,"1","1"
1981,"3","7"
1992,"3","7"
1994,"4","1"
1997,"3","7"
2021,"3","7"
2023,"13","14"
2030,"3","7"
2037,"1","7"
2040,"3","7"
2042,"3","7"
2046,"3","7"
2050,"9","7"
2055,"13","12"
2062,"3","7"
2067,"1","7"
2077,"3","7"
2081,"2","6"
2086,"1","6"
2089,"1","7"
2096,"3","7"
2098,"3","7"
2104,"1","6"
2109,"12","11"
2114,"2","7"
2119,"1","7"
2127,"14","19"
2132,"9","9"
2137,"3","7"
2140,"1","7"
2143,"1","7"
2146,"3","7"
2151,"3","7"
2153,"1","7"
2156,"3","7"
2158,"1","7"
2163,"1","7"
2164,"3","7"
2166,"3","7"
2168,"1","7"
2174,"2","1"
2175,"4","1"
2176,"2","2"
2184,"1","1"
2186,"1","6"
2188,"2","1"
2190,"1","7"
2194,"2","1"
2195,"2","1"
2197,"2","1"
2198,"4","1"
2201,"1","7"
2204,"2","1"
2205,"4","1"
2206,"4","1"
2207,"4","1"
2214,"1","1"
2215,"4","1"
2216,"1","1"
2217,"1","1"
2221,"1","7"
2224,"2","2"
2241,"2","1"
2243,"3","7"
2244,"4","1"
2246,"4","1"
2247,"1","1"
2248,"2","1"
2249,"4","1"
2250,"2","1"
2251,"1","1"
2253,"2","1"
2254,"1","1"
2255,"1","1"
2256,"1","4"
2258,"1","1"
2259,"3","7"
2263,"2","1"
2264,"4","1"
2265,"2","1"
2267,"1","1"
2268,"1","7"
2271,"4","1"
2272,"3","7"
2274,"9","9"
2285,"1","6"
2286,"1","1"
2287,"4","1"
2290,"1","1"
2291,"4","1"
2295,"2","1"
2297,"2","2"
2300,"2","1"
2301,"2","1"
2307,"9","9"
2311,"1","1"
2312,"4","1"
2313,"4","1"
2320,"9","9"
2322,"2","1"
2324,"4","1"
2325,"2","1"
2326,"4","1"
2350,"1","6"
2354,"13","12"
2360,"3","6"
2362,"3","6"
2365,"3","7"
2368,"4","1"
2369,"4","1"
2370,"2","1"
2371,"1","7"
2377,"1","7"
2380,"3","7"
2382,"1","6"
2383,"3","9"
2385,"4","1"
2386,"4","1"
2395,"4","1"
2396,"1","1"
2397,"2","1"
2398,"4","1"
2399,"2","1"
2400,"1","1"
2403,"13","12"
2406,"1","6"
2409,"2","1"
2410,"2","1"
2412,"2","5"
2417,"3","7"
2419,"2","1"
2420,"1","1"
2421,"4","1"
2422,"1","1"
2425,"3","7"
2430,"3","6"
2432,"1","6"
2437,"4","1"
2440,"1","1"
2442,"2","1"
2443,"13","12"
2446,"2","1"
2448,"4","1"
2449,"1","1"
2450,"1","1"
2451,"1","1"
2453,"3","7"
2455,"3","9"
2457,"13","12"
2459,"1","6"
2462,"4","1"
2463,"1","1"
2469,"3","7"
2484,"4","1"
2485,"1","7"
2493,"13","12"
2496,"4","1"
2497,"4","1"
2500,"4","1"
2509,"1","6"
2514,"4","1"
2515,"2","1"
2517,"2","1"
2520,"3","6"
2521,"1","6"
2524,"4","1"
2526,"3","6"
2527,"3","6"
2528,"1","6"
2529,"3","6"
2530,"1","6"
2531,"3","6"
2539,"2","1"
2544,"4","1"
2545,"1","7"
2552,"9","9"
2553,"9","9"
2558,"2","5"
2563,"2","1"
2565,"2","1"
2566,"9","9"
2567,"1","6"
2574,"1","6"
2576,"3","6"
2581,"2","5"
2587,"9","9"
2590,"1","7"
2591,"1","7"
2592,"13","13"
2596,"2","5"
2597,"0","5"
2601,"1","6"
2603,"13","13"
2607,"4","1"
2608,"4","1"
2609,"4","1"
2619,"2","1"
2620,"4","1"
2621,"4","1"
2625,"9","9"
2628,"4","1"
2629,"4","1"
2643,"1","7"
2645,"4","7"
2648,"4","7"
2650,"13","13"
2651,"14","16"
2654,"13","13"
2659,"1","6"
2663,"15","19"
2690,"4","1"
2691,"13","14"
2693,"2","5"
2701,"13","13"
2703,"3","3"
2704,"13","13"
2705,"3","3"
2713,"3","7"
2714,"3","7"
2718,"4","1"
2720,"2","1"
2721,"4","1"
2728,"3","7"
2740,"3","7"
2751,"3","7"
2756,"3","7"
2762,"3","7"
2767,"3","7"
2779,"2","7"
2787,"3","7"
2790,"3","7"
2795,"3","7"
2800,"3","7"
2802,"13","14"
2808,"1","7"
2814,"1","7"
2815,"1","7"
2820,"1","7"
2825,"1","7"
2827,"1","7"
2832,"2","7"
2835,"1","1"
2839,"1","6"
2853,"3","7"
2857,"9","7"
2861,"12","16"
2878,"2","7"
2886,"1","7"
2887,"1","4"
2890,"1","9"
2893,"3","7"
2896,"3","7"
2907,"3","7"
2915,"2","7"
2922,"13","13"
2926,"9","9"
2934,"9","9"
2938,"12","11"
2948,"3","7"
2952,"9","9"
2959,"2","6"
2967,"1","6"
2976,"4","9"
2977,"1","1"
2978,"4","1"
2991,"13","13"
2996,"1","6"
2998,"1","7"
3000,"1","7"
3005,"1","7"
3022,"9","9"
3028,"3","7"
3032,"3","7"
3044,"1","6"
3049,"2","7"
3056,"9","9"
3062,"13","14"
3073,"1","7"
3082,"1","6"
3083,"2","6"
3086,"1","1"
3099,"4","1"
3103,"1","1"
3104,"4","1"
3105,"4","1"
3106,"4","1"
3107,"4","1"
3108,"2","1"
3111,"1","1"
3118,"15","19"
3120,"4","1"
3125,"3","7"
3127,"9","9"
3135,"1","6"
3137,"4","1"
3142,"2","6"
3154,"2","1"
3161,"4","1"
3162,"4","1"
3172,"4","1"
3174,"2","1"
3177,"4","1"
3179,"15","19"
3182,"4","1"
3184,"4","1"
3192,"3","6"
3195,"1","1"
3196,"2","1"
3198,"1","1"
3199,"2","1"
3200,"2","1"
3201,"1","1"
3202,"2","1"
3204,"2","1"
3205,"4","1"
3211,"13","13"
3220,"3","4"
3223,"3","6"
3224,"6","9"
3228,"9","9"
3236,"1","6"
3243,"1","6"
3267,"11","11"
3276,"2","6"
3277,"0","6"
3284,"1","4"
3299,"13","13"
3314,"2","1"
3315,"13","13"
3339,"4","1"
3340,"2","1"
3341,"4","1"
3347,"13","13"
3355,"1","7"
3414,"2","5"
3426,"2","1"
3447,"15","19"
3479,"4","7"
3486,"9","9"
3490,"1","6"
3506,"4","1"
3507,"4","1"
3508,"4","1"
3509,"4","1"
3534,"3","6"
3535,"3","6"
3559,"3","7"
3587,"1","7"
3600,"0","7"
3605,"3","7"
3608,"4","1"
3618,"1","7"
3620,"1","5"
3621,"2","5"
3622,"0","5"
3624,"1","5"
3625,"3","5"
3627,"2","5"
3628,"5","5"
3629,"0","7"
3632,"6","5"
3638,"1","5"
3670,"14","19"
3696,"2","1"
3715,"4","1"
3718,"4","1"
3720,"4","1"
3757,"2","5"
3767,"2","5"
3779,"13","11"
3782,"0","1"
3797,"4","1"
3798,"2","1"
3799,"2","1"
3802,"4","1"
3803,"1","1"
3804,"2","2"
3805,"2","2"
3806,"1","1"
3807,"1","1"
3808,"1","1"
3823,"0","1"
3827,"13","12"
3834,"4","1"
3835,"4","1"
3838,"2","1"
3839,"2","1"
3840,"4","1"
3841,"4","1"
3846,"12","11"
3852,"0","6"
3855,"9","9"
3857,"9","9"
3859,"9","9"
3860,"9","9"
3863,"2","1"
3864,"2","1"
3865,"2","1"
3870,"4","1"
3871,"4","1"
3874,"2","2"
3875,"1","1"
3886,"4","1"
3893,"4","1"
3894,"1","1"
3895,"4","1"
3898,"2","2"
3899,"1","1"
3900,"2","1"
3903,"4","1"
3905,"2","1"
3908,"1","1"
3912,"13","12"
3914,"1","1"
3915,"2","1"
3916,"4","1"
3917,"2","2"
3919,"2","2"
3922,"4","1"
3930,"1","1"
3932,"4","1"
3933,"4","1"
3934,"1","1"
3935,"13","13"
3939,"4","1"
3941,"4","1"
3946,"3","7"
3950,"2","1"
3951,"4","1"
3953,"1","1"
3955,"1","1"
3956,"1","1"
3957,"4","1"
3958,"4","1"
3959,"1","1"
3963,"4","1"
3964,"2","1"
3967,"2","1"
3973,"2","1"
3974,"1","1"
3975,"1","1"
3976,"2","1"
3977,"1","1"
3982,"0","4"
3987,"4","1"
3989,"2","2"
3990,"4","1"
3991,"1","1"
3992,"2","2"
3993,"2","2"
3999,"4","1"
4000,"4","1"
4001,"4","1"
4002,"2","1"
4003,"14","19"
4004,"14","19"
4010,"14","19"
4015,"2","2"
4017,"4","1"
4018,"4","1"
4019,"4","1"
4020,"4","1"
4022,"1","1"
4027,"4","1"
4028,"1","1"
4030,"2","1"
4031,"4","1"
4033,"2","2"
4034,"2","2"
4035,"2","3"
4037,"2","1"
4062,"4","1"
4065,"1","7"
4069,"2","1"
4071,"2","7"
4072,"0","7"
4091,"1","6"
4092,"1","6"
4097,"1","6"
4100,"15","19"
4101,"15","19"
4110,"1","1"
4111,"4","1"
4112,"4","1"
4113,"2","1"
4114,"1","7"
4115,"1","6"
4127,"1","7"
4145,"1","7"
4151,"1","1"
4152,"1","1"
4155,"4","1"
4156,"4","1"
4158,"2","1"
4167,"1","6"
4169,"1","7"
4172,"1","6"
4181,"1","6"
4183,"15","19"
4189,"1","9"
4193,"3","7"
4197,"3","6"
4198,"3","7"
4200,"3","7"
4211,"3","4"
4218,"1","6"
4222,"2","4"
4223,"0","9"
4230,"1","7"
4239,"1","7"
4247,"1","7"
4255,"2","4"
4256,"0","4"
4266,"4","7"
4269,"3","7"
4275,"1","7"
4277,"3","7"
4278,"3","7"
4284,"1","7"
4286,"2","7"
4287,"0","7"
4296,"1","7"
4300,"1","7"
4303,"1","7"
4318,"1","4"
4319,"3","4"
4323,"1","4"
4327,"3","7"
4329,"1","4"
4335,"2","5"
4336,"0","5"
4341,"15","19"
4350,"1","7"
4354,"1","7"
4355,"1","7"
4358,"1","7"
4364,"3","6"
4370,"1","6"
4377,"2","4"
4378,"0","4"
4381,"2","5"
4402,"0","9"
4406,"2","7"
4407,"0","7"
4422,"2","4"
4423,"0","4"
4464,"2","4"
4465,"0","9"
4471,"3","7"
4472,"3","7"
4475,"9","9"
4480,"1","6"
4492,"3","6"
4493,"1","6"
4494,"1","6"
4495,"2","6"
4496,"0","6"
4501,"2","6"
4502,"0","6"
4503,"0","6"
4510,"2","6"
4511,"0","6"
4518,"3","7"
4519,"1","6"
4523,"3","7"
4533,"2","7"
4534,"0","7"
4538,"3","7"
4541,"2","7"
4542,"0","9"
4543,"2","7"
4548,"3","6"
4550,"1","6"
4557,"2","6"
4558,"0","6"
4567,"2","7"
4568,"0","7"
4573,"1","7"
4576,"1","7"
4579,"3","7"
4599,"3","7"
4604,"3","7"
4608,"2","7"
4624,"1","7"
4637,"1","6"
4668,"1","7"
4674,"2","6"
4675,"0","6"
4684,"1","6"
4686,"9","9"
4687,"9","9"
4689,"1","6"
4693,"11","11"
4700,"1","6"
4701,"1","6"
4703,"2","4"
4704,"0","9"
4712,"3","7"
4714,"3","6"
4716,"3","7"
4718,"3","7"
4719,"1","7"
4732,"3","6"
4733,"2","6"
4734,"0","6"
4742,"0","1"
4747,"0","5"
4754,"1","4"
4755,"11","11"
4756,"11","11"
4758,"1","4"
4759,"11","11"
4760,"11","11"
4790,"4","1"
4791,"4","9"
4793,"3","7"
4798,"11","11"
4804,"4","1"
4805,"4","1"
4806,"4","1"
4807,"4","1"
4808,"4","1"
4810,"15","0"
4826,"13","11"
4862,"4","1"
4864,"4","1"
4866,"1","6"
4868,"4","6"
4871,"1","6"
4878,"4","1"
4893,"4","1"
4899,"2","6"
4900,"5","6"
4902,"2","6"
4903,"5","6"
4907,"1","1"
4908,"1","6"
4920,"1","7"
4931,"0","5"
4939,"1","7"
4944,"2","4"
4945,"0","4"
4947,"1","7"
4949,"1","4"
4959,"4","7"
4962,"1","1"
4964,"4","1"
4966,"2","1"
4969,"4","1"
4970,"4","1"
4971,"1","1"
4975,"1","1"
4979,"1","1"
4980,"2","1"
4981,"2","1"
4983,"4","1"
4984,"4","1"
4985,"4","1"
4986,"12","11"
4989,"4","1"
4990,"4","1"
4991,"4","1"
4992,"4","1"
4993,"4","1"
4994,"4","1"
4995,"4","1"
4996,"4","1"
4997,"2","1"
4998,"4","1"
5000,"4","1"
5001,"4","1"
5002,"4","1"
5003,"4","1"
5004,"1","1"
5006,"4","1"
5007,"4","1"
5008,"4","1"
5009,"4","1"
5010,"4","1"
5011,"1","1"
5012,"2","1"
5013,"1","1"
5014,"2","1"
5015,"4","1"
5016,"1","1"
5017,"1","1"
5018,"4","1"
5020,"4","1"
5021,"2","1"
5022,"1","1"
5023,"4","1"
5024,"4","1"
5025,"4","1"
5026,"2","1"
5027,"1","1"
5028,"4","1"
5029,"1","1"
5030,"1","1"
5031,"13","14"
5033,"2","1"
5034,"4","1"
5051,"2","5"
5052,"0","5"
5059,"4","1"
5060,"2","2"
5061,"2","1"
5069,"13","13"
5088,"4","6"
5106,"2","1"
5107,"4","1"
5108,"1","1"
5110,"4","1"
5121,"3","7"
5123,"4","1"
5146,"4","1"
5174,"4","6"
5176,"1","1"
5195,"4","1"
5196,"4","1"
5197,"2","1"
5202,"1","4"
5204,"2","1"
5206,"4","1"
5208,"1","7"
5213,"4","1"
5214,"4","1"
5215,"4","1"
5216,"4","1"
5217,"4","1"
5218,"4","1"
5224,"1","4"
5252,"2","1"
5253,"1","7"
5283,"1","4"
5285,"2","1"
5286,"1","1"
5379,"11","11"
5380,"11","11"
5381,"11","11"
5382,"11","11"
5384,"3","7"
5387,"4","4"
5402,"0","4"
5403,"0","1"
5414,"1","7"
5437,"13","12"
5443,"7","7"
5445,"3","7"
5509,"1","5"
5514,"3","9"
5519,"3","7"
5524,"3","7"
5529,"1","6"
5533,"3","7"
5536,"13","11"
5537,"13","11"
5542,"13","14"
5544,"12","11"
5548,"4","9"
5549,"4","1"
5554,"4","1"
5555,"4","1"
5556,"4","1"
5557,"4","1"
5558,"4","1"
5559,"4","1"
5562,"12","11"
5565,"13","11"
5573,"3","7"
5575,"4","1"
5576,"4","1"
5587,"13","11"
5588,"12","11"
5589,"4","1"
5599,"4","6"
5600,"1","7"
5605,"1","7"
5671,"4","1"
5687,"4","1"
5699,"2","1"
5700,"0","1"
5714,"1","6"
5742,"2","1"
5755,"4","6"
5794,"13","11"
5795,"12","11"
5811,"0","7"
5812,"0","7"
5816,"1","7"
5845,"1","1"
5869,"14","0"
5874,"1","7"
5877,"1","7"
5878,"1","7"
5908,"3","7"
5915,"0","7"
5917,"2","6"
5922,"1","6"
5936,"2","6"
5937,"0","6"
5957,"0","4"
5958,"0","4"
5964,"4","1"
5995,"1","6"
6001,"12","11"
6002,"13","11"
6011,"12","11"
6012,"13","11"
6020,"13","11"
6021,"12","11"
6038,"1","1"
6048,"14","11"
6074,"0","1"
6077,"15","0"
6078,"15","0"
6082,"1","1"
6106,"1","6"
6110,"12","11"
6111,"13","11"
6113,"4","1"
6121,"14","0"
6122,"14","0"
6140,"14","0"
6141,"14","0"
6151,"14","0"
6172,"14","0"
6173,"14","0"
6198,"1","6"
6204,"15","0"
6214,"14","0"
6239,"0","6"
6240,"0","6"
6241,"0","6"
6260,"6","0"
6269,"2","6"
6270,"0","6"
6271,"2","5"
6272,"0","5"
6277,"1","6"
6285,"11","11"
6286,"11","11"
6290,"2","4"
6297,"13","11"
6298,"13","11"
6299,"12","11"
6301,"14","0"
6312,"1","6"
6313,"13","11"
6314,"13","11"
6315,"12","11"
6333,"0","4"
6353,"1","6"
6378,"0","4"
6379,"0","4"
6388,"2","6"
6451,"13","11"
6454,"13","11"
6455,"12","11"
6457,"12","11"
6459,"1","6"
6466,"13","12"
6475,"1","6"
6476,"11","16"
6477,"11","11"
6479,"11","11"
6490,"2","6"
6491,"5","6"
6493,"1","6"
6494,"2","5"
6520,"13","11"
6522,"12","11"
6523,"12","11"
6524,"13","11"
6528,"0","1"
6568,"0","7"
6583,"3","7"
6584,"1","7"
6592,"1","6"
6639,"0","1"
6640,"11","11"
6642,"11","11"
6651,"3","7"
6652,"1","7"
6670,"13","13"
6672,"12","11"
6673,"1","1"
6675,"13","11"
6680,"2","1"
6681,"13","11"
6682,"13","11"
6683,"12","11"
6694,"1","6"
6826,"2","6"
6827,"0","6"
6833,"0","7"
6834,"0","7"
6843,"13","13"
6851,"12","16"
6852,"12","16"
6854,"1","7"
6873,"13","13"
6878,"13","13"
6881,"2","6"
6882,"0","6"
6900,"1","6"
6901,"2","6"
6902,"5","6"
6926,"3","7"
6968,"12","11"
6969,"12","11"
6970,"12","11"
6971,"13","11"
7010,"15","0"
7046,"13","13"
7089,"1","6"
7093,"0","7"
7100,"0","1"
7132,"1","6"
7151,"1","7"
7222,"2","6"
7235,"0","7"
7236,"0","7"
7286,"1","7"
7287,"1","6"
7335,"1","7"
7347,"0","7"
7348,"4","7"
7351,"15","0"
7352,"2","5"
7353,"5","5"
7358,"2","1"
7368,"2","5"
7369,"0","5"
7370,"5","5"
7372,"1","6"
7373,"1","7"
7375,"14","0"
7376,"14","0"
7377,"2","2"
7379,"1","6"
7380,"13","13"
7383,"14","0"
7384,"14","0"
7385,"2","6"
7392,"6","7"
7405,"14","0"
7429,"2","5"
7455,"13","11"
7456,"13","11"
7457,"12","11"
7475,"4","1"
7476,"3","7"
7484,"14","0"
7498,"13","11"
7499,"12","11"
7512,"2","1"
7526,"12","11"
7527,"13","11"
7605,"1","6"
7609,"0","6"
7641,"13","11"
7642,"13","11"
7643,"12","11"
7644,"12","11"
7648,"1","6"
7649,"12","11"
7651,"11","11"
7652,"13","11"
7654,"13","11"
7655,"12","11"
7679,"12","11"
7683,"15","0"
7684,"4","1"
7689,"2","6"
7711,"13","13"
7712,"6","0"
7721,"15","0"
7722,"15","0"
7733,"0","6"
7734,"0","6"
7755,"0","4"
7773,"13","11"
7774,"12","11"
7789,"2","6"
7790,"0","6"
7800,"11","11"
7801,"1","1"
7802,"11","11"
7812,"2","6"
7813,"0","6"
7821,"13","11"
7824,"1","7"
7825,"1","7"
7828,"1","6"
7831,"1","7"
7864,"11","11"
7867,"11","11"
7875,"1","7"
7878,"11","11"
7910,"0","4"
7911,"0","4"
7945,"0","7"
7949,"1","7"
7961,"0","4"
7971,"2","5"
7972,"0","5"
7974,"2","5"
7975,"0","5"
7979,"2","6"
7980,"0","6"
7982,"2","6"
7983,"0","6"
8028,"2","5"
8029,"6","5"
8037,"2","1"
8038,"1","1"
8040,"0","1"
8050,"13","13"
8055,"13","11"
8057,"1","1"
8058,"12","11"
8059,"1","1"
8061,"12","11"
8062,"1","1"
8063,"13","11"
8065,"1","1"
8066,"13","11"
8079,"1","6"
8094,"13","11"
8095,"12","11"
8096,"12","11"
8103,"3","3"
8104,"2","1"
8133,"2","1"
8136,"4","1"
8146,"1","7"
8151,"13","12"
8169,"4","7"
8199,"7","1"
8208,"4","1"
8213,"4","1"
8219,"1","6"
8240,"1","7"
8248,"4","1"
8253,"1","6"
8257,"4","1"
8260,"2","1"
8275,"13","13"
8279,"1","7"
8312,"3","7"
8324,"14","0"
8325,"14","0"
8337,"1","6"
8341,"15","0"
8347,"2","6"
8381,"11","0"
8382,"11","0"
8404,"14","0"
8418,"14","0"
8419,"14","0"
8441,"1","6"
8444,"4","6"
8447,"3","7"
8448,"3","7"
8450,"0","6"
8454,"0","4"
8455,"0","4"
8464,"4","6"
8526,"13","13"
8545,"14","0"
8546,"12","12"
8558,"4","1"
8572,"4","1"
8574,"4","1"
8608,"3","1"
8609,"2","1"
8610,"0","7"
8612,"2","7"
8613,"0","7"
8682,"11","18"
8698,"11","18"
8715,"11","18"
8733,"11","18"
8777,"11","12"
8782,"15","11"
8796,"14","11"
8799,"15","11"
8804,"15","11"
8819,"14","11"
8820,"14","11"
8855,"14","11"
8876,"14","11"
8877,"14","11"
8879,"14","11"
8889,"14","11"
8892,"15","11"
8899,"14","11"
8940,"14","11"
8955,"14","11"
8961,"14","11"
8962,"15","11"
8967,"14","11"
8968,"14","11"
8971,"14","11"
8976,"14","11"
8983,"14","11"
8987,"14","11"
8989,"14","11"
9040,"14","11"
9047,"15","11"
9057,"14","11"
9062,"15","11"
9063,"11","12"
9065,"15","11"
9066,"15","11"
9067,"15","11"
9068,"15","11"
9071,"15","11"
9072,"15","11"
9075,"11","18"
9093,"15","11"
9103,"14","11"
9104,"14","11"
9110,"15","11"
9130,"15","11"
9131,"14","11"
9135,"15","11"
9163,"14","11"
9169,"14","11"
9172,"14","11"
9174,"14","11"
9189,"15","11"
9221,"11","18"
9222,"14","11"
9252,"11","12"
9321,"15","11"
9325,"14","11"
9347,"15","11"
9355,"15","11"
9357,"15","11"
9478,"15","11"
9491,"15","11"
9508,"11","18"
9515,"11","18"
9525,"15","11"
9556,"15","11"
9557,"15","11"
9565,"14","11"
9774,"15","11"
9795,"15","11"
9796,"14","11"
9797,"14","11"
9814,"14","11"
9832,"15","11"
9837,"15","11"
9865,"15","11"
9898,"14","11"
9921,"15","11"
9922,"15","11"
9939,"14","11"
9943,"14","11"
9944,"14","11"
9976,"14","11"
9982,"15","11"
10006,"14","11"
10009,"14","11"
10016,"11","18"
10027,"15","11"
10032,"11","18"
10047,"14","11"
10048,"14","11"
10199,"14","11"
10200,"14","11"
10203,"14","11"
10227,"14","11"
10239,"15","11"
10241,"14","11"
10285,"14","11"
10298,"14","11"
10306,"14","11"
10316,"14","11"
10318,"15","11"
10331,"15","11"
10346,"15","11"
10371,"14","11"
10390,"14","11"
10405,"14","11"
10443,"15","11"
10449,"14","11"
10486,"14","11"
10514,"14","11"
10537,"15","11"
10556,"14","11"
10561,"15","11"
10590,"15","11"
10596,"14","11"
10598,"14","11"
10618,"14","11"
10619,"15","11"
10621,"15","11"
10646,"15","11"
10677,"14","11"
10681,"14","11"
10691,"14","11"
10725,"14","11"
10797,"11","12"
10812,"15","11"
10851,"15","11"
10869,"11","18"
10870,"11","18"
10871,"11","18"
10873,"11","18"
10875,"11","18"
10915,"15","11"
10922,"15","11"
10925,"15","11"
10929,"15","11"
10943,"14","11"
10952,"14","11"
10954,"14","11"
10964,"11","12"
10969,"15","11"
10970,"14","11"
10996,"14","11"
11008,"14","11"
11019,"14","11"
11025,"15","11"
11053,"11","12"
11079,"14","11"
11116,"14","11"
11129,"14","11"
11146,"15","11"
11150,"14","11"
11153,"15","11"
11163,"14","11"
11165,"14","11"
11169,"14","11"
11172,"14","11"
11177,"15","11"
11187,"15","11"
11193,"14","11"
11204,"14","11"
11235,"15","11"
11239,"15","11"
11246,"15","11"
11248,"14","11"
11257,"14","11"
11267,"15","11"
11310,"14","11"
11327,"11","12"
11332,"11","12"
11343,"14","11"
11346,"14","11"
11347,"14","11"
11348,"15","11"
11358,"14","11"
11360,"15","11"
11369,"15","11"
11370,"14","11"
11398,"15","11"
11419,"15","11"
11455,"15","11"
11484,"11","18"
11503,"15","11"
11520,"14","11"
11524,"11","18"
11569,"14","11"
11571,"14","11"
11601,"14","11"
11616,"15","11"
11623,"14","11"
11625,"15","11"
11631,"14","11"
11633,"14","11"
11635,"15","11"
11646,"14","11"
11647,"15","11"
11648,"14","11"
11650,"15","11"
11651,"15","11"
11655,"15","11"
11661,"15","11"
11664,"14","11"
11666,"15","11"
11667,"15","11"
11668,"15","11"
11669,"11","12"
11670,"15","11"
11680,"15","11"
11682,"14","11"
11686,"15","11"
11690,"14","11"
11693,"14","11"
11701,"14","11"
11710,"14","11"
11716,"14","11"
11717,"14","11"
11720,"14","11"
11725,"15","11"
11726,"15","11"
11730,"15","11"
11734,"15","11"
11736,"11","12"
11737,"15","11"
11755,"15","11"
11768,"15","11"
11773,"15","11"
11774,"15","11"
11782,"14","11"
11789,"15","11"
11794,"15","11"
11797,"15","11"
11822,"15","11"
11839,"11","18"
11850,"14","11"
11851,"15","11"
11857,"14","11"
11865,"15","11"
11978,"15","11"
11983,"11","18"
11987,"15","11"
12002,"11","18"
12034,"15","11"
12093,"15","11"
12101,"11","18"
12133,"11","12"
12214,"11","12"
12224,"14","11"
12228,"15","11"
12234,"14","11"
12238,"15","11"
12253,"11","12"
12269,"15","11"
12291,"15","11"
12295,"15","11"
12315,"14","11"
12321,"14","11"
12322,"15","11"
12323,"14","11"
12324,"15","11"
12328,"15","11"
12329,"15","11"
12342,"15","11"
12348,"15","11"
12349,"15","11"
12350,"15","11"
12351,"15","11"
12352,"15","11"
12367,"15","11"
12374,"15","11"
12377,"14","11"
12383,"15","11"
12384,"14","11"
12394,"15","11"
12401,"15","11"
12408,"15","11"
12409,"15","11"
12410,"14","11"
12414,"15","11"
12418,"14","11"
12424,"11","18"
12428,"15","11"
12431,"14","11"
12432,"11","18"
12436,"15","11"
12439,"15","11"
12440,"15","11"
12441,"14","11"
12447,"15","11"
12453,"14","11"
12454,"14","11"
12461,"14","11"
12462,"14","11"
12464,"15","11"
12465,"14","11"
12472,"15","11"
12479,"11","12"
12480,"15","11"
12484,"15","11"
12505,"11","12"
12508,"14","11"
12529,"14","11"
12532,"11","18"
12538,"15","11"
12553,"15","11"
12556,"15","11"
12557,"15","11"
12562,"15","11"
12583,"14","11"
12595,"11","12"
12597,"15","11"
12608,"14","11"
12609,"14","11"
12612,"15","11"
12639,"15","11"
12657,"15","11"
12668,"14","11"
12669,"15","11"
12672,"15","11"
12680,"11","12"
12691,"11","18"
12700,"15","11"
12704,"15","11"
12705,"14","11"
12707,"14","11"
12708,"14","11"
12725,"15","11"
12733,"15","11"
12737,"15","11"
12744,"15","11"
12746,"11","18"
12757,"11","18"
12770,"11","12"
12771,"15","11"
12774,"11","18"
12784,"11","18"
12786,"11","18"
12787,"15","11"
12820,"15","11"
12826,"15","11"
12827,"14","11"
12829,"15","11"
12830,"14","11"
12834,"14","11"
12835,"15","11"
12845,"14","11"
12852,"15","11"
12859,"14","11"
12889,"11","18"
12892,"14","11"
12905,"14","11"
12906,"14","11"
12907,"15","11"
12908,"15","11"
12911,"14","11"
12916,"14","11"
12922,"15","11"
12925,"15","11"
12929,"15","11"
12931,"15","11"
12935,"15","11"
12936,"14","11"
12938,"15","11"
12955,"15","11"
12962,"2","6"
12963,"2","5"
12964,"2","5"
12984,"1","7"
12998,"0","7"
13009,"2","6"
13011,"0","5"
13013,"11","11"
13014,"11","11"
13039,"2","1"
13040,"2","6"
13119,"11","11"
13120,"11","11"
13128,"9","9"
13132,"1","7"
13163,"1","7"
13165,"0","6"
13170,"15","19"
13173,"0","6"
13179,"0","6"
13190,"0","7"
13195,"2","5"
13250,"2","4"
13253,"0","1"
13258,"0","1"
13289,"4","1"
13307,"2","5"
13309,"2","5"
13312,"0","1"
13316,"2","7"
13317,"5","7"
13323,"1","5"
13329,"1","7"
13331,"1","5"
13332,"2","5"
13340,"4","1"
13346,"2","5"
13351,"2","6"
13364,"1","5"
13385,"0","1"
13386,"0","1"
13394,"2","1"
13402,"1","6"
13408,"0","6"
13444,"2","5"
13485,"3","6"
13503,"2","5"
13513,"1","6"
13541,"4","6"
13558,"4","9"
13571,"2","1"
13579,"2","5"
13588,"3","7"
13593,"2","1"
13600,"0","1"
13601,"0","1"
13618,"0","1"
13619,"0","1"
13625,"2","6"
13626,"5","9"
13640,"0","1"
13647,"0","1"
13659,"2","6"
13669,"2","7"
13670,"0","4"
13671,"0","4"
13675,"0","6"
13676,"5","6"
13679,"3","1"
13692,"2","1"
13693,"2","1"
13694,"2","1"
13695,"2","1"
13696,"2","1"
13700,"4","9"
13709,"14","19"
13714,"2","1"
13715,"1","1"
13716,"1","1"
13718,"4","9"
13720,"2","1"
13723,"2","1"
13729,"1","4"
13736,"4","9"
13743,"1","7"
13749,"2","1"
13750,"1","1"
13751,"2","1"
13752,"2","1"
13753,"4","1"
13754,"2","1"
13755,"2","1"
13756,"2","1"
13757,"2","1"
13766,"4","9"
13777,"2","5"
13783,"1","1"
13796,"2","7"
13804,"2","4"
13818,"4","9"
13822,"4","9"
13835,"3","7"
13837,"15","19"
13842,"2","4"
13843,"7","9"
13867,"2","1"
13868,"2","1"
13869,"2","1"
13870,"2","1"
13872,"2","1"
13910,"2","1"
13911,"2","1"
13913,"2","1"
13925,"2","1"
13935,"2","1"
13947,"2","7"
13948,"2","1"
13957,"2","4"
13965,"2","1"
13966,"2","1"
13967,"1","9"
13968,"2","1"
13972,"2","1"
13975,"2","5"
13984,"2","1"
13987,"2","1"
13990,"2","1"
13992,"2","1"
13996,"2","1"
13999,"2","1"
14000,"1","4"
14001,"1","4"
14002,"2","1"
14019,"1","4"
14028,"4","9"
14029,"4","9"
14055,"2","1"
14076,"2","4"
14082,"1","1"
14084,"2","1"
14087,"2","1"
14088,"2","1"
14095,"4","9"
14100,"2","1"
14103,"2","1"
14115,"2","1"
14130,"1","4"
14133,"1","4"
14191,"1","4"
14193,"1","4"
14195,"1","4"
14201,"2","1"
14203,"1","4"
14239,"2","1"
14245,"1","4"
14254,"1","4"
14260,"2","1"
14266,"2","1"
14279,"1","4"
14285,"1","7"
14293,"2","1"
14297,"1","4"
14299,"2","1"
14303,"4","9"
14311,"3","4"
14313,"2","9"
14335,"2","5"
14379,"1","4"
14391,"2","1"
14393,"4","9"
14409,"2","1"
14417,"1","7"
14456,"1","1"
14513,"9","9"
14535,"1","4"
14539,"1","4"
14589,"2","1"
14602,"1","4"
14607,"1","4"
14616,"2","4"
14630,"1","4"
14636,"3","9"
14653,"2","1"
14654,"2","4"
14659,"1","4"
14676,"2","4"
14680,"2","1"
14700,"2","1"
14729,"2","4"
14747,"2","1"
14761,"2","1"
14768,"2","4"
14779,"1","4"
14783,"2","4"
14791,"3","9"
14808,"1","4"
14813,"9","9"
14828,"2","1"
14837,"1","7"
14839,"1","1"
14857,"3","9"
14868,"2","1"
14875,"1","4"
14894,"1","4"
14900,"1","4"
14903,"2","4"
14916,"1","4"
14921,"2","4"
14931,"3","9"
14945,"1","1"
14951,"1","4"
14956,"3","9"
14964,"2","4"
14978,"1","6"
14992,"0","1"
14997,"2","6"
15001,"2","5"
15008,"2","6"
15033,"0","1"
15034,"0","1"
15039,"13","17"
15053,"0","1"
15058,"0","1"
15061,"1","6"
15075,"1","6"
15076,"1","6"
15077,"2","6"
15104,"3","7"
15116,"2","6"
15122,"0","4"
15141,"1","7"
15211,"2","6"
15223,"2","5"
15243,"1","7"
15257,"5","4"
15279,"5","6"
15286,"4","1"
15316,"0","9"
15359,"2","1"
15366,"0","1"
15384,"2","1"
15405,"0","1"
15407,"3","7"
15414,"2","1"
15415,"2","1"
15416,"0","1"
15421,"0","1"
15434,"1","6"
15435,"0","6"
15436,"5","6"
15455,"0","1"
15459,"2","6"
15472,"0","7"
15475,"1","6"
15478,"2","6"
15480,"1","6"
15487,"15","19"
15503,"12","11"
15508,"13","11"
15517,"11","11"
15523,"12","11"
15534,"4","6"
15536,"1","7"
15540,"0","6"
15558,"1","6"
15559,"1","7"
15560,"2","6"
15561,"0","6"
15576,"14","19"
15577,"14","19"
15580,"1","6"
15590,"1","6"
15634,"2","6"
15635,"0","6"
15652,"1","6"
15680,"3","6"
15681,"1","6"
15689,"0","9"
15709,"2","7"
15710,"5","7"
15712,"3","4"
15717,"1","6"
15734,"1","6"
15753,"2","6"
15754,"0","6"
15765,"0","1"
15776,"2","6"
15780,"1","7"
15792,"1","6"
15878,"1","7"
15879,"2","7"
15892,"1","7"
15898,"12","11"
15900,"13","11"
15931,"2","6"
15961,"1","7"
15977,"14","19"
15978,"14","19"
16004,"1","6"
16024,"15","19"
16025,"15","19"
16106,"0","1"
16110,"15","19"
16114,"14","19"
16121,"0","1"
16141,"2","6"
16159,"15","19"
16160,"15","19"
16166,"1","6"
16176,"11","11"
16177,"14","19"
16178,"11","11"
16214,"0","4"
16215,"0","4"
16260,"0","1"
16262,"2","6"
16272,"1","6"
16273,"1","6"
16274,"2","6"
16275,"0","6"
16296,"3","7"
16304,"0","6"
16311,"12","11"
16313,"13","11"
16327,"0","4"
16362,"1","6"
16372,"11","11"
16373,"11","11"
16384,"2","1"
16397,"4","6"
16398,"4","6"
16403,"1","7"
16405,"0","1"
16406,"0","1"
16415,"1","6"
16416,"4","1"
16435,"2","1"
16472,"3","6"
16473,"0","7"
16510,"15","19"
16511,"15","19"
16513,"15","19"
16514,"15","19"
16519,"2","5"
16532,"1","1"
16534,"1","6"
16535,"2","1"
16547,"2","3"
16552,"2","1"
16554,"2","1"
16557,"11","11"
16560,"12","11"
16562,"0","1"
16563,"3","7"
16565,"2","1"
16568,"11","11"
16570,"11","11"
16577,"1","1"
16588,"2","3"
16591,"2","4"
16592,"0","4"
16594,"11","11"
16595,"11","11"
16599,"2","1"
16604,"0","1"
16609,"0","1"
16612,"15","19"
16613,"13","11"
16614,"12","11"
16617,"13","11"
16619,"12","11"
16626,"0","1"
16632,"0","1"
16654,"11","11"
16663,"0","1"
16666,"2","6"
16673,"11","11"
16676,"11","11"
16677,"13","13"
16681,"15","19"
16723,"2","4"
16760,"13","11"
16762,"13","11"
16765,"12","11"
16768,"12","11"
16776,"13","11"
16777,"13","11"
16779,"12","11"
16783,"13","11"
16785,"12","11"
16787,"13","11"
16788,"13","11"
16789,"13","11"
16792,"4","9"
16796,"2","6"
16797,"5","6"
16798,"2","6"
16799,"0","6"
16800,"13","11"
16801,"15","16"
16802,"2","6"
16803,"5","6"
16804,"2","6"
16805,"5","6"
16806,"2","6"
16807,"2","6"
16808,"2","1"
16826,"4","1"
16833,"12","11"
16834,"12","11"
16835,"11","11"
16849,"1","7"
16854,"11","11"
16868,"2","6"
16872,"13","11"
16873,"13","11"
16874,"1","6"
16875,"12","11"
16876,"12","11"
16879,"2","6"
16884,"2","1"
16887,"1","6"
16889,"1","6"
16901,"4","1"
16928,"11","11"
16929,"11","11"
16931,"11","11"
16940,"0","1"
16976,"0","1"
16998,"15","19"
17005,"1","6"
17011,"4","6"
17016,"1","7"
17026,"2","2"
17039,"2","2"
17040,"2","2"
17047,"2","6"
17048,"0","6"
17060,"3","7"
17071,"2","5"
17072,"5","5"
17073,"2","2"
17081,"1","6"
17085,"3","7"
17094,"1","7"
17100,"0","1"
17101,"2","2"
17130,"2","7"
17134,"2","6"
17151,"4","7"
17157,"0","1"
17162,"3","4"
17164,"1","7"
17188,"3","7"
17203,"3","7"
17210,"0","1"
17229,"15","19"
17256,"3","7"
17257,"0","1"
17264,"14","19"
17265,"14","19"
17298,"11","11"
17300,"11","11"
17304,"0","1"
17313,"14","19"
17332,"15","19"
17333,"11","11"
17334,"11","11"
17338,"12","11"
17341,"13","11"
17344,"13","11"
17364,"4","1"
17369,"14","19"
17397,"0","1"
17399,"0","1"
17401,"12","11"
17402,"13","11"
17407,"11","11"
17409,"11","11"
17413,"14","19"
17429,"2","6"
17430,"5","5"
17433,"2","6"
17435,"0","6"
17442,"0","1"
17445,"12","11"
17448,"13","11"
17449,"13","11"
17473,"0","1"
17480,"0","1"
17481,"2","1"
17502,"1","6"
17506,"3","7"
17523,"0","7"
17524,"0","7"
17525,"0","7"
17526,"0","7"
17529,"1","6"
17530,"2","6"
17531,"0","6"
17533,"2","5"
17541,"4","6"
17546,"2","5"
17561,"2","1"
17572,"2","2"
17576,"4","1"
17577,"4","1"
17581,"14","19"
17599,"4","1"
17612,"12","19"
17623,"4","1"
17626,"2","6"
17633,"11","11"
17634,"11","11"
17647,"13","12"
17651,"11","11"
17652,"11","11"
17663,"1","6"
17685,"4","1"
17687,"4","1"
17698,"3","7"
17700,"2","1"
17704,"4","1"
17709,"0","6"
17710,"5","6"
17711,"3","7"
17734,"1","1"
17735,"15","19"
17737,"3","7"
17738,"2","1"
17757,"11","11"
17758,"11","11"
17771,"2","6"
17779,"12","11"
17780,"13","11"
17781,"3","7"
17785,"2","5"
17786,"5","5"
17793,"3","7"
17794,"3","7"
17803,"11","11"
17804,"11","11"
17811,"4","1"
17814,"4","1"
17815,"2","6"
17822,"1","7"
17828,"2","6"
17845,"12","11"
17846,"13","11"
17848,"2","6"
17852,"13","11"
17854,"12","11"
17855,"12","11"
17857,"4","1"
17897,"1","7"
17903,"4","1"
17907,"2","5"
17908,"0","5"
17911,"4","1"
17912,"4","1"
17914,"4","1"
17920,"4","9"
17921,"4","9"
17938,"4","1"
17942,"15","19"
17951,"4","1"
17954,"4","1"
17962,"11","11"
17963,"11","11"
17989,"4","1"
17993,"1","7"
17994,"4","1"
18003,"12","11"
18004,"11","11"
18005,"11","11"
18006,"2","2"
18008,"14","19"
18009,"14","19"
18019,"12","11"
18020,"12","11"
18021,"13","11"
18022,"13","11"
18033,"6","9"
18034,"4","1"
18043,"1","6"
18044,"2","6"
18045,"0","6"
18050,"14","19"
18051,"14","19"
18056,"0","6"
18080,"15","19"
18085,"2","6"
18092,"2","1"
18106,"15","19"
18107,"13","11"
18121,"14","19"
18148,"4","9"
18149,"4","9"
18152,"12","11"
18153,"12","11"
18154,"13","11"
18155,"13","11"
18157,"0","7"
18158,"0","7"
18159,"0","7"
18169,"4","1"
18175,"2","5"
18181,"3","7"
18195,"0","7"
18202,"1","6"
18208,"1","6"
18214,"4","1"
18217,"11","11"
18218,"11","11"
18262,"12","11"
18270,"13","12"
18282,"12","11"
18296,"13","11"
18297,"12","11"
18298,"13","19"
18323,"2","6"
18328,"1","1"
18329,"1","1"
18341,"4","9"
18342,"4","9"
18348,"4","9"
18349,"4","9"
18353,"15","19"
18360,"1","1"
18361,"1","1"
18458,"1","0"
18459,"1","0"
18461,"1","0"
18465,"2","9"
18480,"2","1"
18491,"1","0"
18492,"2","1"
18495,"1","0"
18506,"1","0"
18520,"2","9"
18578,"2","9"
18584,"2","1"
18587,"2","1"
18600,"15","0"
18603,"2","9"
18617,"2","9"
18629,"1","1"
18631,"1","1"
18648,"2","4"
18669,"2","1"
18696,"2","4"
18720,"2","4"
18756,"0","4"
18761,"12","12"
18800,"11","11"
18802,"11","11"
18812,"13","12"
18822,"11","11"
18823,"11","11"
18845,"1","0"
18851,"13","11"
18852,"12","11"
18868,"13","11"
18869,"12","11"
18881,"2","9"
18888,"1","0"
18900,"13","11"
18902,"12","11"
18912,"1","0"
18935,"2","5"
18936,"1","0"
18945,"3","1"
18947,"2","1"
18952,"0","5"
18984,"2","9"
18986,"15","11"
18987,"15","11"
18999,"3","1"
19000,"13","12"
19033,"0","5"
19055,"0","9"
19056,"0","9"
19075,"0","9"
19077,"2","5"
19087,"1","0"
19093,"0","9"
19144,"5","5"
19193,"2","1"
19206,"2","9"
19225,"0","5"
19236,"0","9"
19348,"0","9"
19414,"0","7"
19418,"0","6"
19478,"11","11"
