"BreedEventID","BreedYear","SiteID","MaleID","FemaleID","TreeAge","StableScore","MovingScore","ClutchSize","Hatched","Fledged","BreedSuccess","LayPeriod","Growth","BreedStatus"
487,1979,99,,,,3,,0,0,0,0,,,"N"
488,1974,100,,,,3,,,0,0,0,,,"U"
489,1975,100,,,,3,,,,,1,,,"X"
490,1977,100,,696,,3,,4,2,2,1,5,,"Z"
491,1978,100,,,,3,,3,0,0,0,,,"D"
492,1979,100,,,,3,,,0,0,0,,,"G"
493,1971,101,,,,5,,5,0,0,0,6,,"B"
494,1972,101,,,,5,,6,3,3,1,4,,"Z"
495,1973,101,,,,5,,1,0,0,0,5,,"D"
496,1974,101,,,,5,,5,3,2,1,4,,"Z"
497,1976,101,,,,5,,,0,0,0,4,,"D"
498,1977,101,,642,,5,,4,3,2,1,3,111.4,"Z"
499,1978,101,,642,,5,,5,,3,1,4,,"Z"
500,1979,101,,376,,5,,4,4,3,1,8,,"Z"
501,1980,101,814,376,,5,,5,4,4,1,6,,"Z"
502,1971,102,,,,1,,5,0,0,0,,,"B"
503,1972,102,,,,1,,,0,0,0,3,,"B"
504,1971,103,,441,,2,,4,2,2,1,6,,"Z"
505,1972,103,,,,2,,0,0,0,0,,,"N"
506,1973,103,,,,2,,5,,3,1,5,,"Z"
507,1971,104,,442,,3,,4,1,1,1,6,,"Z"
508,1975,104,,588,,3,,4,4,3,1,5,,"Z"
509,1976,104,,642,,3,,5,5,5,1,3,,"S"
510,1977,104,,650,,3,,6,3,2,1,3,,"Z"
511,1980,104,,650,,3,,6,6,6,1,3,,"S"
512,1972,105,,,,1,,0,0,0,0,,,"N"
513,1974,105,,,,1,,4,2,2,1,7,,"Z"
514,1971,106,,,,3,,6,,4,1,5,,"Z"
515,1972,106,,,,3,,0,0,0,0,,,"N"
516,1973,106,,,,3,,4,4,0,0,3,,"P"
517,1974,106,,,,3,,5,,0,0,3,,"M"
518,1978,106,741,740,,3,,6,5,4,1,3,,"Z"
519,1972,107,,,,3,,5,,3,1,3,,"Z"
520,1974,107,,,,3,,0,0,0,0,,,"N"
521,1975,107,,,,3,,0,0,0,0,,,"N"
522,1976,107,,612,,3,,5,4,4,1,4,,"Z"
523,1979,107,778,777,,3,,1,0,0,0,7,,"D"
524,1971,108,,,,1,,,0,0,0,,,"U"
525,1971,109,,440,,5,,5,4,4,1,3,,"Z"
526,1972,109,,,,5,,4,0,0,0,,,"Q"
527,1973,109,,,,5,,5,,3,1,3,,"Z"
528,1974,109,,,,5,,6,6,6,1,2,,"S"
529,1975,109,554,589,,5,,5,,4,1,4,,"Z"
530,1977,109,,652,,5,,4,4,3,1,6,92.4,"Z"
531,1978,109,651,656,,5,,5,5,5,1,4,,"S"
532,1979,109,,,,5,,,,3,1,6,,"Z"
533,1980,109,,707,,5,,4,4,4,1,5,,"S"
534,1971,110,,,,3,,,,,1,,,"X"
535,1972,110,,,,3,,,,4,1,5,,"X"
536,1973,110,,,,3,,5,5,5,1,2,,"S"
537,1974,110,,,,3,,,3,2,1,2,,"Z"
538,1975,110,591,590,,3,,,,,1,,,"X"
539,1980,110,,,,3,,,,,1,3,,"X"
540,1972,111,,,,4,,3,,2,1,5,,"Z"
541,1974,111,,,,4,,,,,1,,,"X"
542,1975,111,,590,,4,,,,,,2,,"R"
543,1976,111,653,592,,4,,,,,1,4,,"Z"
544,1977,111,653,592,,4,,5,5,5,1,6,103.3,"S"
545,1978,111,,707,,4,,5,5,4,1,5,,"Z"
546,1979,111,653,707,,4,,0,0,0,0,,,"N"
547,1971,112,,451,,4,,,,1,1,2,,"Z"
548,1972,112,,,,4,,5,3,3,1,4,,"Z"
549,1973,112,,,,4,,4,3,3,1,4,,"Z"
550,1974,112,,,,4,,4,0,0,0,5,,"B"
551,1975,112,,451,,4,,,0,0,0,,,"P"
552,1979,112,,782,,4,,3,0,0,0,8,,"D"
553,1980,112,,818,,4,,2,0,0,0,3,,"D"
554,1971,113,,,,2,,,,2,1,3,,"Z"
555,1972,113,,,,2,,5,4,3,1,5,,"Z"
556,1973,113,,,,2,,0,0,0,0,,,"N"
557,1974,113,,,,2,,0,0,0,0,,,"N"
558,1971,114,,453,,4,,,,3,1,3,,"X"
559,1972,114,,,,4,,5,2,2,1,3,,"Z"
560,1973,114,,,,4,,4,,2,1,4,,"Z"
561,1974,114,,,,4,,,0,0,0,4,,"B"
562,1975,114,,,,4,,0,0,0,0,,,"N"
563,1976,114,,648,,4,,4,4,4,1,6,,"S"
564,1977,114,,649,,4,,0,0,0,0,,,"N"
565,1979,114,,,,4,,3,0,0,0,8,,"D"
566,1971,115,,,,5,,,,3,1,3,,"X"
567,1972,115,,,,5,,4,,,1,5,,"Z"
568,1973,115,,,,5,,4,,3,1,6,,"Z"
569,1974,115,,,,5,,,0,0,0,,,"B"
570,1976,115,,649,,5,,4,3,1,1,5,,"Z"
571,1977,115,,703,,5,,5,4,4,1,6,,"Z"
572,1978,115,601,,,5,,,,,1,5,,"X"
573,1979,115,,,,5,,,,,1,8,,"X"
574,1980,115,,,,5,,,,,1,5,,"X"
575,1971,116,,,,5,,,,2,1,3,,"Z"
576,1972,116,,,,5,,5,0,0,0,3,,"A"
577,1973,116,,,,5,,0,0,0,0,,,"N"
578,1974,116,,,,5,,0,0,0,0,,,"N"
579,1975,116,595,594,,5,,5,,3,1,6,,"Z"
580,1976,116,597,594,,5,,5,4,4,1,3,,"Z"
581,1978,116,743,594,,5,,5,,3,1,3,,"Z"
582,1979,116,,,,5,,5,3,3,1,3,,"Z"
583,1980,116,743,816,,5,,5,5,5,1,2,,"Z"
584,1971,117,,452,,2,,,,4,1,3,,"X"
585,1972,117,,,,2,,5,,2,1,4,,"Z"
586,1973,117,,,,2,,0,0,0,0,,,"N"
587,1975,117,597,596,,2,,,0,0,0,7,,"P"
588,1971,118,,,,3,,,,2,1,3,,"X"
589,1972,118,,,,3,,0,0,0,0,,,"N"
590,1973,118,,,,3,,5,4,4,1,4,,"Z"
591,1974,118,,,,3,,4,4,4,1,4,,"S"
592,1975,118,,,,3,,0,0,0,0,,,"N"
593,1971,119,,,,5,,,0,0,0,,,"L"
594,1972,119,,,,5,,,0,0,0,,,"B"
595,1973,119,,,,5,,5,0,0,0,5,,"D"
596,1974,119,,,,5,,5,,3,1,,,"Z"
597,1975,119,599,598,,5,,,4,4,1,5,,"X"
598,1976,119,,598,,5,,4,3,2,1,6,,"Z"
599,1977,119,704,598,,5,,5,4,3,1,6,,"Z"
600,1978,119,704,598,,5,,5,4,4,1,,,"Z"
601,1979,119,,784,,5,,4,,0,0,8,,"M"
602,1980,119,,,,5,,0,0,0,0,,,"N"
603,1971,120,,,,3,,,0,0,0,,,"B"
604,1973,120,,,,3,,0,0,0,0,,,"N"
605,1974,120,,,,3,,4,3,3,1,,,"Z"
606,1975,120,601,600,,3,,0,0,0,0,,,"N"
607,1976,120,,646,,3,,4,4,3,1,5,,"Z"
608,1977,120,,,,3,,0,0,0,0,,,"N"
609,1971,121,,,,4,,,,4,1,3,,"X"
610,1972,121,,,,4,,4,,,1,5,,"Z"
611,1973,121,,,,4,,4,4,4,1,5,,"S"
612,1974,121,,,,4,,,0,0,0,,,"B"
613,1975,121,,,,4,,,,,1,,,"X"
614,1976,121,,647,,4,,2,0,0,0,7,,"D"
615,1978,121,,,,4,,0,0,0,0,,,"N"
616,1971,122,,455,,4,,5,3,0,0,5,,"M"
617,1972,122,482,460,,4,,0,0,0,0,,,"N"
618,1973,122,505,504,,4,,0,0,0,0,,,"N"
619,1974,122,,525,,4,,5,4,2,1,4,,"Z"
620,1975,122,,,,4,,,0,0,0,,,"B"
621,1976,122,,,,4,,4,3,3,1,4,,"Z"
622,1979,122,,,,4,,,,0,0,,,"U"
623,1971,123,,,,2,,1,0,0,0,12,,"D"
624,1972,123,,462,,2,,,0,0,0,7,,"D"
625,1973,123,,456,,2,,6,3,0,0,5,84.1,"P"
626,1976,123,,,,2,,0,0,0,0,,,"N"
627,1971,124,,456,,3,,5,2,2,1,4,,"Z"
628,1972,124,,456,,3,,4,0,0,0,5,,"D"
629,1973,124,,,,3,,,0,0,0,,,"B"
630,1974,124,,506,,3,,5,0,0,0,4,117.7,"B"
631,1975,124,608,455,,3,,,0,0,0,7,,"B"
632,1980,124,,824,,3,,5,4,4,1,4,,"Z"
633,1971,125,,465,,3,,6,4,4,1,6,,"Z"
634,1972,125,,465,,3,,5,0,0,0,6,,"E"
635,1974,125,,,,3,,0,0,0,0,,,"N"
636,1976,125,,,,3,,0,0,0,0,,,"N"
637,1977,125,,722,,3,,5,4,4,1,5,89.8,"Z"
638,1980,125,826,825,,3,,5,4,3,1,5,,"Z"
639,1971,126,458,437,,4,,4,1,1,1,6,,"Z"
640,1972,126,,,,4,,0,0,0,0,,,"N"
641,1974,126,,,,4,,,,,1,,,"X"
642,1975,126,,,,4,,,,,1,,,"X"
643,1976,126,,536,,4,,5,5,4,1,5,91.9,"Z"
644,1977,126,,,,4,,,0,0,0,,,"D"
645,1978,126,753,752,,4,,5,5,3,1,5,,"Z"
646,1971,127,,,,1,,3,0,0,0,7,,"D"
647,1971,128,,,,4,,3,0,0,0,8,,"B"
648,1972,128,,,,4,,,0,0,0,4,,"B"
649,1973,128,511,463,,4,,0,0,0,0,,,"N"
650,1974,128,,,,4,,,,,1,,,"X"
651,1975,128,526,618,,4,,5,3,3,1,5,,"Z"
652,1976,128,,,,4,,,,4,1,5,,"X"
653,1978,128,,,,4,,,,0,0,,,"P"
654,1971,129,,461,,2,,5,0,0,0,5,,"A"
655,1973,129,510,459,,2,,,0,0,0,7,71.7,"D"
656,1974,129,529,527,,2,,6,4,3,1,4,107.4,"Z"
657,1980,129,829,618,,2,,6,5,5,1,4,,"Z"
658,1971,130,,,,5,,5,0,0,0,9,,"D"
659,1972,130,,454,,5,,4,3,3,1,7,,"Z"
660,1973,130,509,508,,5,,0,0,0,0,,,"N"
661,1974,130,509,467,,5,,6,5,3,1,5,92.9,"Z"
662,1975,130,,617,,5,,4,3,1,1,4,61.7,"Z"
663,1976,130,,,,5,,,,,1,,,"Z"
664,1977,130,,726,,5,,5,5,5,1,4,,"S"
665,1978,130,,,,5,,5,4,3,1,4,,"Z"
666,1980,130,831,830,,5,,4,3,3,1,7,,"Z"
667,1971,131,,454,,1,,4,4,4,1,6,,"S"
668,1972,131,,454,,1,,2,0,0,0,6,,"D"
669,1971,132,,460,,3,,5,4,4,1,6,,"Z"
670,1972,132,,483,,3,,5,4,2,1,6,,"Z"
671,1973,132,,467,,3,,4,3,0,0,7,81.8,"M"
672,1975,132,611,610,,3,,5,4,3,1,4,77.7,"Z"
673,1976,132,611,455,,3,,4,3,2,1,5,110.3,"Z"
674,1971,133,,467,,2,,3,2,2,1,7,,"Z"
675,1972,133,,,,2,,0,0,0,0,,,"N"
676,1975,133,,612,,2,,5,4,0,0,5,82.7,"M"
677,1971,134,,459,,4,,4,2,2,1,6,,"Z"
678,1972,134,,,,4,,0,0,0,0,,,"N"
679,1973,134,507,506,,4,,,0,0,0,8,94,"D"
680,1975,134,,613,,4,,4,4,3,1,6,80,"Z"
681,1977,134,670,725,,4,,,,,1,,,"X"
682,1978,134,670,725,,4,,5,4,4,1,5,,"Z"
683,1979,134,,725,,4,,5,4,3,1,6,,"Z"
684,1980,134,826,725,,4,,6,,1,1,5,,"Z"
685,1971,135,,462,,4,,5,5,4,1,5,,"Z"
686,1972,135,,,,4,,0,0,0,0,,,"N"
687,1973,135,512,469,,4,,0,0,0,0,,,"N"
688,1974,135,531,530,,4,,5,0,0,0,4,,"D"
689,1975,135,,614,,4,,5,0,0,0,6,,"D"
690,1977,135,721,,,4,,,4,4,1,5,,"X"
691,1979,135,,,,4,,0,0,0,0,,,"N"
692,1980,135,828,827,,4,,,0,0,0,5,,"L"
693,1971,136,,468,,3,,,,1,1,4,,"Z"
694,1972,136,,,,3,,5,1,0,0,4,,"M"
695,1973,136,,514,,3,,4,3,3,1,6,100.4,"Z"
696,1976,136,666,615,,3,,5,5,5,1,5,81.5,"S"
697,1977,136,724,723,,3,,5,5,3,1,5,102.6,"Z"
698,1978,136,751,750,,3,,5,5,5,1,5,,"S"
699,1971,137,,463,,3,,3,2,2,1,6,,"Z"
700,1972,137,484,463,,3,,4,2,2,1,7,,"Z"
701,1973,137,,,,3,,0,0,0,0,,,"N"
702,1975,137,616,615,,3,,1,0,0,0,4,115.6,"D"
703,1972,138,,,,1,,,3,3,1,4,,"Z"
704,1971,139,,,,2,,4,0,0,0,3,,"D"
705,1972,139,,485,,2,,5,4,4,1,6,,"Z"
706,1973,139,,,,2,,,1,1,1,8,111.2,"Z"
707,1974,139,532,464,,2,,4,3,0,0,5,,"M"
708,1972,140,,,,5,,,0,0,0,,,"B"
709,1973,140,,,,5,,,,3,1,6,,"Z"
710,1974,140,539,485,,5,,5,0,0,0,5,,"B"
711,1975,140,622,623,,5,,5,4,4,1,6,107.8,"Z"
712,1976,140,622,623,,5,,,,1,1,5,,"Z"
713,1977,140,,667,,5,,,,,1,,,"X"
714,1978,140,622,756,,5,,4,4,4,1,6,,"S"
715,1979,140,790,756,,5,,0,0,0,0,,,"N"
716,1980,140,823,756,,5,,3,3,3,1,5,,"S"
717,1971,141,,464,,1,,5,5,4,1,6,,"Z"
718,1972,141,,,,1,,3,0,0,0,6,,"D"
719,1973,142,,,,3,,,,,1,,,"X"
720,1974,142,,,,3,,5,5,4,1,4,92.8,"Z"
721,1975,142,621,417,,3,,7,7,3,1,4,91.9,"Z"
722,1976,142,668,667,,3,,0,0,0,0,,,"N"
723,1978,142,,758,,3,,0,0,0,0,,,"N"
724,1980,142,,,,3,,0,0,0,0,,,"N"
725,1972,143,,,,2,,0,0,0,0,,,"N"
726,1973,143,,,,2,,0,0,0,0,,,"N"
727,1974,143,,,,2,,0,0,0,0,,,"N"
728,1976,143,,,,2,,,,,1,,,"X"
729,1973,144,,486,,1,,2,0,0,0,5,,"D"
730,1974,144,,,,1,,0,0,0,0,,,"N"
731,1972,145,,486,,1,,5,3,3,1,4,,"Z"
732,1974,145,537,536,,1,,5,0,0,0,6,60.3,"B"
733,1971,146,,466,,4,,5,1,1,1,4,,"Z"
734,1973,146,,466,,4,,5,1,1,1,4,106.2,"Z"
735,1974,146,533,,,4,,5,5,5,1,4,98.6,"S"
736,1975,146,534,620,,4,,5,3,0,0,5,97.1,"M"
737,1976,146,,624,,4,,0,0,0,0,,,"N"
738,1977,146,,,,4,,0,0,0,0,,,"N"
739,1979,146,792,791,,4,,4,3,2,1,7,,"Z"
740,1980,146,822,791,,4,,5,,2,1,4,,"Z"
741,1972,147,,487,,4,,5,5,5,1,4,,"S"
742,1973,147,,487,,4,,4,3,3,1,4,99.1,"Z"
743,1974,147,538,432,,4,,5,,,1,5,106.8,"Z"
744,1975,147,609,540,,4,,3,,,1,8,,"Z"
745,1976,147,669,432,,4,,4,3,3,1,7,115.9,"Z"
746,1977,147,,717,,4,,5,5,2,1,5,,"Z"
747,1978,147,,639,,4,,5,3,3,1,4,,"Z"
748,1980,147,820,,,4,,0,0,0,0,,,"N"
749,1971,148,,,,4,,,0,0,0,,,"B"
750,1974,148,,535,,4,,4,4,3,1,3,88.2,"Z"
751,1975,148,,,,4,,6,4,4,1,3,99,"Z"
752,1976,148,,535,,4,,3,0,0,0,7,,"D"
753,1977,148,719,718,,4,,,1,0,0,5,,"M"
754,1978,148,759,,,4,,0,0,0,0,,,"N"
755,1979,148,,535,,4,,2,0,0,0,9,,"B"
756,1980,148,,821,,4,,4,3,1,1,6,,"Z"
757,1972,149,,,,5,,,,,1,,,"X"
758,1973,149,,,,5,,,,,1,,,"X"
759,1974,149,541,540,,5,,5,3,3,1,6,97.2,"Z"
760,1975,149,,624,,5,,0,0,0,0,,,"N"
761,1976,149,619,540,,5,,0,0,0,0,,,"N"
762,1977,149,716,540,,5,,1,0,0,0,7,100.7,"D"
763,1978,149,716,684,,5,,5,5,4,1,6,,"Z"
764,1979,149,,684,,5,,3,3,3,1,7,,"S"
765,1980,149,,684,,5,,5,5,5,1,3,,"S"
766,1974,150,,,,1,,0,0,0,0,,,"N"
767,1975,150,,623,,1,,0,0,0,0,,,"N"
768,1975,151,,,,1,,,0,0,0,,,"U"
769,1976,152,,,,2,,,0,0,0,,,"B"
770,1977,152,,673,,2,,4,4,4,1,4,,"S"
771,1976,153,,,,1,,,,,1,,,"X"
772,1976,154,,363,,1,,,0,0,0,,,"A"
773,1974,155,,,,3,,,,,1,,,"X"
774,1975,155,,,,3,,,,,1,,,"X"
775,1976,155,,,,3,,,,,1,,,"X"
776,1977,155,,687,,3,,4,4,4,1,6,,"S"
777,1978,155,,,,3,,,,,1,,,"X"
778,1980,155,,369,,3,,4,4,3,1,3,,"Z"
779,1976,156,,,,5,,,,,1,,,"X"
780,1977,156,,,,5,,0,0,0,0,,,"N"
781,1978,156,,,,5,,6,0,0,0,3,,"H"
782,1979,156,,,,5,,,0,0,0,,,"H"
783,1980,156,,805,,5,,5,0,0,0,4,,"H"
784,1978,157,,,,5,,,,4,1,3,,"X"
785,1979,157,,768,,5,,5,5,5,1,4,,"S"
786,1980,157,471,636,,5,,5,5,5,1,4,,"S"
787,1978,158,,,,3,,5,0,0,0,,,"U"
788,1979,158,,769,,3,,0,0,0,0,,,"N"
789,1977,159,,,,1,,,0,0,0,,,"B"
790,1978,159,,738,,1,,,0,0,0,,,"P"
791,1977,160,,697,,1,,3,0,0,0,8,,"B"
792,1978,161,,,,1,,,0,0,0,,,"U"
793,1976,165,,,,2,,,0,0,0,,,"U"
794,1977,165,,,,2,,,,,1,7,,"X"
795,1978,165,,,,2,,0,0,0,0,,,"N"
796,1980,165,,,,2,,2,0,0,0,5,,"D"
797,1975,166,,,,2,,,0,0,0,,,"U"
798,1976,166,,,,2,,,,,1,,,"X"
799,1977,166,,667,,2,,4,0,0,0,7,,"D"
800,1976,169,,,,4,,,0,0,0,,,"U"
801,1977,169,,,,4,,,,,1,,,"X"
802,1978,169,,,,4,,,,,1,,,"X"
803,1979,169,,,,4,,4,3,3,1,5,,"Z"
804,1977,170,,,,2,,,0,0,0,,,"U"
805,1978,170,,,,2,,,,,1,,,"X"
806,1979,170,,,,2,,,0,0,0,4,,"F"
807,1979,171,,,,2,,4,4,4,1,9,,"S"
808,1980,171,,,,2,,6,6,5,1,4,,"Z"
809,1979,172,,,,1,,5,0,0,0,6,,"W"
810,1980,172,,,,1,,5,,4,1,5,,"Z"
811,1980,173,,813,,1,,4,3,3,1,5,,"Z"
812,1977,174,,,,4,,,,,1,,,"X"
813,1978,174,,,,4,,,,,1,,,"X"
814,1979,174,,,,4,,,,,1,,,"X"
815,1980,174,,,,4,,5,5,5,1,2,,"S"
816,1980,176,,,,1,,0,0,0,0,,,"N"
817,1978,177,,,,3,,,,,1,,,"X"
818,1979,177,,,,3,,,,,1,,,"X"
819,1980,177,,,,3,,,,0,0,,,"U"
820,1978,178,,,,1,,,,,1,,,"X"
821,1975,179,,,,1,,0,0,0,0,,,"N"
822,1975,199,,,,3,,4,4,4,1,9,102.4,"S"
823,1977,199,,,,3,,3,0,0,0,7,,"B"
824,1978,199,,,,3,,5,5,5,1,5,,"S"
825,1979,199,,,,3,,4,1,1,1,5,,"Z"
826,1980,199,,,,3,,0,0,0,0,,,"N"
827,1972,201,,,,3,,5,,,,4,,"U"
828,1973,201,,,,3,,6,,,,5,,"U"
829,1974,201,,,,3,,,,,,6,,"U"
830,1975,201,,,,3,,5,,,,4,,"U"
831,1979,201,,,,3,,1,0,0,0,8,,"D"
832,1972,202,,,,4,,4,,,,5,,"U"
833,1973,202,,,,4,,5,,,,6,,"U"
834,1974,202,,,,4,,,,,1,,,"X"
835,1975,202,,604,,4,,5,4,4,1,5,,"Z"
836,1977,202,715,604,,4,,,,,,,,"R"
837,1978,202,748,,,4,,,0,0,0,,,"D"
838,1979,202,,604,,4,,2,,1,1,7,,"Z"
839,1980,202,,604,,4,,3,0,0,0,3,,"G"
840,1975,203,,605,,3,,5,4,4,1,4,102.4,"Z"
841,1976,203,436,576,,3,,,,,,,,"R"
842,1977,203,,714,,3,,5,4,3,1,4,,"Z"
843,1978,203,,714,,3,,4,4,3,1,7,,"Z"
844,1980,203,,,,3,,0,0,0,0,,,"N"
845,1972,204,,,,3,,3,,,,7,,"U"
846,1975,204,,606,,3,,6,,,,4,,"U"
847,1978,204,,,,3,,0,0,0,0,,,"N"
848,1979,204,,,,3,,0,0,0,0,,,"N"
849,1980,204,,,,3,,,,4,1,5,,"Z"
850,1973,205,,,,3,,,0,0,0,,,"Q"
851,1974,205,,,,3,,,,,1,,,"Z"
852,1975,205,,,,3,,6,,4,1,4,,"Z"
853,1977,205,,709,,3,,4,4,4,1,6,,"S"
854,1978,205,,,,3,,5,5,4,1,5,,"Z"
855,1979,205,,746,,3,,1,0,0,0,6,,"D"
856,1975,206,593,592,,4,,,,,,,,"R"
857,1976,206,,,,4,,5,5,5,1,3,,"S"
858,1977,206,,656,,4,,5,5,5,1,5,113,"S"
859,1978,206,654,652,,4,,5,3,3,1,5,,"Z"
860,1979,206,,779,,4,,5,5,4,1,6,,"Z"
861,1975,207,,,,2,,,,,1,,,"X"
862,1976,207,,,,2,,0,0,0,0,,,"N"
863,1976,208,,,,1,,0,0,0,0,,,"N"
864,1976,209,654,656,,5,,5,0,0,0,5,,"D"
865,1977,209,654,708,,5,,3,3,3,1,5,112.7,"S"
866,1978,209,,,,5,,0,0,0,0,,,"N"
867,1979,209,654,781,,5,,4,2,1,1,7,,"Z"
868,1980,209,815,781,,5,,5,5,5,1,5,,"S"
869,1977,210,,,,2,,,2,2,1,7,,"Z"
870,1979,210,,788,,2,,5,5,4,1,5,,"Z"
871,1980,210,,,,2,,0,0,0,0,,,"N"
872,1977,211,,710,,1,,5,,2,1,5,,"Z"
873,1978,211,,,,1,,,,,1,,,"X"
874,1975,212,603,602,,1,,,,,,4,,"U"
875,1976,212,,,,1,,,0,0,0,,,"G"
876,1977,213,,711,,3,,5,4,4,1,4,,"Z"
877,1978,213,,744,,3,,4,3,3,1,6,,"Z"
878,1979,213,,789,,3,,2,0,0,0,6,,"D"
879,1974,214,,,,3,,,,,1,,,"Z"
880,1975,214,,607,,3,,2,1,,,9,,"U"
881,1976,214,663,,,3,,0,0,0,0,,,"N"
882,1977,214,,713,,3,,3,0,0,0,9,,"G"
883,1977,216,,607,,2,,5,3,3,1,5,,"Z"
884,1978,216,,,,2,,,0,0,0,6,,"D"
885,1979,216,,,,2,,4,1,0,0,7,,"M"
886,1976,217,662,661,,3,,6,6,5,1,3,,"Z"
887,1979,217,,,,3,,,0,0,0,,,"D"
888,1980,217,,661,,3,,5,5,4,1,,,"Z"
889,1977,218,,,,2,,0,0,0,0,,,"N"
890,1978,218,749,,,2,,4,0,0,0,,,"D"
891,1978,219,,745,,1,,3,0,0,0,,,"G"
892,1977,220,,,,5,,,,,1,,,"X"
893,1978,220,,747,,5,,5,5,5,1,4,,"S"
894,1979,220,,787,,5,,5,5,5,1,6,,"S"
895,1973,221,,,,5,,5,5,,,4,,"U"
896,1973,222,,,,5,,4,3,3,1,5,,"Z"
897,1979,223,,,,3,,,,2,1,5,,"Z"
898,1977,224,,,,2,,,0,0,0,,,"U"
899,1979,224,,,,2,,,,5,1,,,"X"
900,1980,224,,,,2,,6,6,6,1,,,"S"
901,1988,384,,1,,4,5,5,4,3,1,4,,"Z"
902,1986,334,288,2,,3,4,5,4,4,1,3,,"Z"
903,1986,343,,3,,3,3,,,4,1,7,,"X"
904,1987,343,,3,,3,3,4,4,4,1,6,,"S"
905,1976,355,,4,27,1,3,6,6,5,1,4,,"Z"
906,1975,327,,5,,4,5,4,4,4,1,6,,"S"
907,1976,327,,5,,4,5,5,4,4,1,5,,"Z"
908,1975,325,,6,,3,4,5,4,3,1,5,,"Z"
909,1976,325,,6,,3,4,4,4,4,1,3,,"S"
910,1977,325,,6,,3,4,5,5,5,1,4,,"S"
911,1978,386,,6,18,5,3,,,,1,,,"X"
912,1975,330,,7,25,5,5,5,0,0,0,4,,"D"
913,1978,329,,7,28,5,4,6,5,3,1,3,,"Z"
914,1979,329,,7,29,5,4,0,0,0,0,,,"N"
915,1980,329,,7,30,5,4,7,3,0,0,4,,"M"
916,1981,330,,7,31,5,5,6,,2,1,2,,"Z"
917,1982,330,,7,32,5,5,5,,2,1,5,,"Z"
918,1975,357,,8,,3,4,4,,2,1,7,,"Z"
919,1975,343,,9,,3,4,5,3,3,1,4,,"Z"
920,1977,343,,9,,3,3,4,,3,1,3,,"Z"
921,1977,345,,10,,2,2,5,4,3,1,6,,"Z"
922,1978,348,,10,33,3,4,5,0,0,0,4,,"B"
923,1980,347,,10,33,4,4,6,6,4,1,3,,"Z"
924,1977,354,,11,21,5,5,5,0,0,0,2,,"B"
925,1978,354,,11,22,5,5,6,4,4,1,3,,"Z"
926,1976,354,,12,20,5,5,5,5,5,1,4,,"S"
927,1976,352,,13,,2,4,6,5,4,1,2,,"Z"
928,1977,352,,13,,2,4,5,0,0,0,4,,"D"
929,1978,352,,13,,2,4,6,,1,1,4,,"Z"
930,1979,352,,13,,2,4,6,0,0,0,5,,"D"
931,1976,307,,14,27,2,2,6,6,6,1,5,,"S"
932,1978,306,,14,27,3,2,5,,2,1,5,,"Z"
933,1976,345,,15,,2,3,3,2,2,1,4,,"Z"
934,1976,302,,16,22,5,5,4,3,3,1,5,,"Z"
935,1975,324,,17,32,4,5,5,5,5,1,3,,"S"
936,1976,324,,17,33,4,5,4,4,4,1,3,,"S"
937,1977,324,,17,34,4,5,4,4,4,1,4,,"S"
938,1978,324,,17,35,4,5,5,4,4,1,4,,"Z"
939,1979,386,,17,19,5,4,5,5,5,1,5,,"S"
940,1976,328,,18,,4,4,5,0,0,0,4,,"D"
941,1976,348,,19,31,3,4,6,,4,1,3,,"Z"
942,1977,348,,19,32,3,3,5,5,5,1,4,,"S"
943,1976,305,,20,38,3,5,4,2,1,1,3,,"Z"
944,1977,305,426,20,39,3,5,5,2,2,1,4,,"Z"
945,1978,305,,20,40,3,5,6,6,5,1,3,,"Z"
946,1976,321,,21,25,4,5,5,5,5,1,4,,"S"
947,1976,319,,22,28,3,4,5,5,3,1,4,,"Z"
948,1978,308,,23,,4,4,5,5,5,1,4,,"S"
949,1979,308,,23,,4,5,5,5,5,1,4,,"S"
950,1975,314,,24,,2,4,7,7,6,1,3,,"Z"
951,1977,308,,25,18,4,4,5,4,4,1,6,,"Z"
952,1977,318,,26,29,3,3,,0,0,0,,,"F"
953,1976,316,,27,41,4,4,,0,0,0,,,"U"
954,1977,319,,28,29,3,3,5,5,5,1,4,,"S"
955,1975,351,,29,,5,5,5,3,3,1,5,,"Z"
956,1976,351,,29,,5,5,5,5,5,1,5,,"S"
957,1977,351,427,29,,5,5,5,4,3,1,6,,"Z"
958,1975,355,,30,26,1,2,4,4,4,1,6,,"S"
959,1975,342,,31,,4,5,5,4,4,1,2,,"Z"
960,1976,342,,31,,4,5,4,,3,1,3,,"Z"
961,1977,342,,31,,4,5,4,0,0,0,5,,"B"
962,1978,342,,31,,4,5,3,,1,1,5,,"Z"
963,1979,342,399,31,,4,5,4,3,3,1,5,,"Z"
964,1980,342,,31,,4,5,0,0,0,0,,,"N"
965,1977,315,,32,31,4,3,5,5,2,1,3,,"Z"
966,1977,321,,33,26,4,5,5,4,4,1,3,,"Z"
967,1978,321,,33,27,4,5,5,,4,1,,,"Z"
968,1979,321,,33,28,4,5,2,0,0,0,12,,"D"
969,1980,321,267,33,29,4,5,5,5,5,1,4,,"S"
970,1977,347,,34,30,4,4,4,3,3,1,5,,"Z"
971,1978,353,,34,,3,2,6,6,4,1,4,,"Z"
972,1979,354,,34,23,5,5,5,4,3,1,3,,"Z"
973,1980,354,,34,24,5,5,6,,,1,3,,"X"
974,1981,360,,34,27,4,4,6,5,5,1,3,,"Z"
975,1977,333,,35,17,3,5,5,5,5,1,4,,"S"
976,1978,333,,35,18,3,5,5,,3,1,5,,"Z"
977,1979,333,,35,19,3,5,0,0,0,0,,,"N"
978,1977,302,,36,23,5,5,3,2,2,1,8,,"Z"
979,1978,303,,36,15,1,1,4,0,0,0,,,"H"
980,1977,339,,37,30,5,5,,0,0,0,,,"A"
981,1978,339,,37,31,5,5,6,4,4,1,5,,"Z"
982,1979,339,,37,32,5,5,5,1,0,0,5,,"B"
983,1980,339,,37,33,5,5,5,,4,1,4,,"Z"
984,1981,339,,37,34,5,5,5,,,1,3,,"X"
985,1982,339,,37,35,5,5,5,4,4,1,3,,"Z"
986,1980,304,,38,31,3,4,5,4,4,1,2,,"Z"
987,1981,304,,38,32,3,4,0,0,0,0,,,"N"
988,1982,304,,38,,,,,,,,,,
989,1983,310,,38,27,4,5,4,4,4,1,6,,"S"
990,1981,314,,39,,2,2,5,3,2,1,7,,"Z"
991,1978,334,,40,,3,3,4,3,3,1,6,,"Z"
992,1977,311,,41,20,4,5,5,4,4,1,3,,"Z"
993,1978,311,,41,21,4,5,5,5,5,1,3,,"S"
994,1980,311,,41,23,4,5,5,4,4,1,3,,"Z"
995,1981,311,,41,24,4,4,5,,0,0,4,,"P"
996,1978,350,,42,23,5,5,5,,2,1,5,,"Z"
997,1979,350,,42,24,5,5,5,,2,1,4,,"Z"
998,1980,350,,42,25,5,5,5,,4,1,4,,"Z"
999,1979,334,,43,,3,4,4,3,3,1,3,,"Z"
1000,1981,332,,43,29,3,2,5,4,4,1,2,,"Z"
1001,1983,316,,43,22,4,5,5,4,4,1,3,,"Z"
1002,1984,316,,43,23,4,5,4,,3,1,,,"Z"
1003,1985,316,,43,24,4,5,5,0,0,0,4,,"W"
1004,1979,301,,44,,2,2,4,3,2,1,6,,"Z"
1005,1980,301,,44,,2,4,6,,4,1,4,,"Z"
1006,1982,301,,44,,2,4,5,5,5,1,5,,"S"
1007,1979,315,,45,33,4,5,5,2,2,1,4,,"Z"
1008,1980,315,,45,34,4,5,,,,1,,,"X"
1009,1981,315,,45,35,4,4,5,5,5,1,4,,"S"
1010,1982,315,,45,36,4,3,,,3,1,4,,"X"
1011,1979,311,,46,22,4,5,5,4,4,1,6,,"Z"
1012,1979,347,,47,32,4,4,4,0,0,0,7,,"D"
1013,1979,357,,48,,3,3,3,2,2,1,5,,"Z"
1014,1979,305,,49,41,3,5,2,0,0,0,9,,"D"
1015,1979,317,,50,37,3,1,4,3,3,1,6,,"Z"
1016,1980,324,,51,37,4,5,0,0,0,0,,,"N"
1017,1980,305,,52,42,3,4,,0,0,0,5,,"F"
1018,1980,302,,53,26,5,5,4,3,3,1,4,,"Z"
1019,1981,302,,53,27,5,4,4,,1,1,4,,"Z"
1020,1981,306,,54,30,3,3,5,2,2,1,3,,"Z"
1021,1981,319,,55,33,3,3,,0,0,0,,,"B"
1022,1982,388,,55,34,5,5,7,,5,1,3,,"Z"
1023,1981,310,,56,25,4,5,5,5,5,1,4,,"S"
1024,1982,310,,56,26,4,5,5,,4,1,3,,"Z"
1025,1983,383,,56,,5,5,5,5,5,1,3,,"S"
1026,1984,311,,56,27,4,4,,0,0,0,5,,"U"
1027,1985,311,,56,28,4,3,,,1,1,4,,"X"
1028,1986,383,358,357,,5,4,4,0,0,0,8,,"D"
1029,1978,343,,58,,3,2,5,4,4,1,4,,"Z"
1030,1978,356,,59,35,2,2,4,,2,1,5,,"Z"
1031,1981,350,,59,26,5,5,6,,5,1,4,,"Z"
1032,1978,302,,60,24,5,5,3,,1,1,5,,"Z"
1033,1978,355,,61,29,1,2,4,3,3,1,7,,"Z"
1034,1978,380,,62,18,2,3,3,0,0,0,,,"D"
1035,1980,326,,62,20,3,3,,0,0,0,,,"U"
1036,1980,380,270,62,20,2,3,0,0,0,0,,,"N"
1037,1981,386,,62,21,5,3,4,0,0,0,6,,"A"
1038,1982,380,,62,22,2,2,3,0,0,0,7,,"D"
1039,1978,331,,63,44,1,2,3,0,0,0,7,,"G"
1040,1979,359,,63,29,5,5,5,,1,1,4,,"Z"
1041,1980,359,,63,30,5,5,5,4,4,1,4,,"Z"
1042,1981,359,,63,31,5,5,5,,4,1,4,,"Z"
1043,1982,359,,63,32,5,5,5,5,5,1,4,,"S"
1044,1983,359,,63,33,5,5,6,,5,1,4,,"Z"
1045,1984,359,,63,34,5,5,6,,5,1,4,,"Z"
1046,1978,319,,64,30,3,4,3,,0,0,,,"P"
1047,1978,357,,65,,3,4,4,3,2,1,5,,"Z"
1048,1978,359,,66,28,5,5,4,1,0,0,,,"M"
1049,1980,360,,67,26,4,4,5,3,3,1,4,,"Z"
1050,1984,392,,68,24,5,5,5,5,5,1,3,,"S"
1051,1980,357,,69,,3,3,4,3,3,1,6,,"Z"
1052,1980,322,,70,29,3,3,5,0,0,0,5,,"T"
1053,1982,342,,70,,4,5,3,0,0,0,6,,"D"
1054,1980,383,,71,,5,5,5,5,5,1,4,,"S"
1055,1981,383,,71,,5,5,5,5,5,1,3,,"S"
1056,1982,383,,71,,5,5,5,1,1,1,4,,"Z"
1057,1980,319,,72,32,3,4,5,,0,0,3,,"H"
1058,1980,306,,73,29,3,4,5,5,2,1,6,,"Z"
1059,1982,347,,74,35,4,5,4,4,4,1,3,,"S"
1060,1983,347,,74,36,4,5,4,,1,1,3,,"Z"
1061,1984,347,,74,37,4,5,5,,2,1,5,,"Z"
1062,1981,354,,75,25,5,5,5,5,5,1,3,,"S"
1063,1981,333,,76,21,3,4,,0,0,0,,,"B"
1064,1983,332,,76,31,3,3,0,0,0,0,,,"N"
1065,1984,332,,76,15,3,3,2,0,0,0,6,,"U"
1066,1981,316,,77,44,4,3,4,2,2,1,6,,"Z"
1067,1981,321,,78,30,4,5,4,,3,1,7,,"Z"
1068,1982,321,,78,31,4,4,6,,4,1,3,,"Z"
1069,1981,385,,79,,1,1,3,3,3,1,7,,"S"
1070,1982,327,,80,,4,5,1,0,0,0,4,,"D"
1071,1983,304,,80,34,3,3,,,5,1,3,,"Z"
1072,1982,348,,81,37,3,3,6,,1,1,4,,"Z"
1073,1983,350,268,81,28,5,5,5,4,4,1,4,,"Z"
1074,1984,350,,81,29,5,5,5,5,5,1,4,,"S"
1075,1986,350,298,81,31,5,5,4,,2,1,5,,"Z"
1076,1987,350,300,81,32,5,5,5,4,4,1,5,,"Z"
1077,1988,350,,81,33,5,5,6,1,0,0,5,,"M"
1078,1982,354,,82,26,5,5,4,3,3,1,5,,"Z"
1079,1983,354,,82,27,5,4,5,,4,1,3,,"Z"
1080,1982,320,,83,29,3,3,5,5,5,1,4,,"S"
1081,1982,326,,84,22,3,5,5,4,4,1,4,,"Z"
1082,1982,302,,85,28,5,4,5,4,3,1,4,,"Z"
1083,1984,302,,85,30,5,4,6,6,6,1,3,,"S"
1084,1982,306,,86,31,3,3,5,4,4,1,4,,"Z"
1085,1982,353,,87,,3,4,4,4,4,1,5,,"S"
1086,1983,353,271,87,,3,5,4,0,0,0,6,,"D"
1087,1983,327,,88,,4,4,,0,0,0,4,,"U"
1088,1983,330,,89,33,5,5,4,0,0,0,7,,"U"
1089,1983,326,,90,23,3,5,4,,2,1,4,,"Z"
1090,1984,326,274,90,24,3,5,4,2,2,1,3,,"Z"
1091,1983,333,,91,23,3,4,5,5,5,1,3,,"S"
1092,1984,333,275,91,24,3,3,,,,1,2,,"X"
1093,1985,333,,91,25,3,3,5,4,4,1,3,,"Z"
1094,1983,305,,92,45,3,2,5,5,5,1,4,,"S"
1095,1983,389,,93,,4,3,5,0,0,0,4,,"H"
1096,1984,389,,93,,4,3,5,5,5,1,4,,"S"
1097,1983,325,,94,,3,2,3,0,0,0,8,,"D"
1098,1983,360,,95,29,4,5,6,,3,1,5,,"Z"
1099,1984,360,276,95,20,4,5,6,5,5,1,4,,"Z"
1100,1983,339,,96,36,5,5,6,,3,1,3,,"Z"
1101,1985,380,,97,,,,,,,,,,
1102,1986,406,,97,25,4,3,5,0,0,0,6,,"D"
1103,1987,359,304,97,37,5,5,5,4,3,1,6,,"Z"
1104,1988,359,,97,38,5,5,6,6,5,1,,,"Z"
1105,1985,347,,98,38,4,4,5,,3,1,3,,"Z"
1106,1984,396,,99,,4,4,,0,0,0,,,"U"
1107,1985,396,272,99,,4,4,5,2,2,1,3,,"Z"
1108,1986,396,,99,,4,5,5,4,4,1,3,,"Z"
1109,1987,396,,99,,4,5,6,5,5,1,2,,"Z"
1110,1988,396,,99,,4,4,5,4,4,1,,,"Z"
1111,1984,327,273,100,,4,3,0,0,0,0,,,"N"
1112,1986,316,,101,25,4,5,5,0,0,0,4,,"U"
1113,1987,327,,101,,4,3,5,5,5,1,4,,"S"
1114,1988,327,,101,,4,4,5,3,3,1,4,,"Z"
1115,1989,327,,101,,4,4,4,4,4,1,5,,"S"
1116,1990,327,,101,,4,,5,5,4,1,4,,"Z"
1117,1991,380,,101,26,2,,4,4,1,1,6,,"Z"
1118,1983,358,,102,,1,1,,,5,1,5,,"X"
1119,1984,384,,103,,4,4,5,5,4,1,3,,"Z"
1120,1984,310,,104,28,4,5,5,0,0,0,3,,"T"
1121,1985,310,,104,29,4,5,5,2,2,1,4,,"Z"
1122,1984,322,,105,17,3,2,5,5,5,1,5,,"S"
1123,1984,339,,106,37,5,5,5,,4,1,2,,"Z"
1124,1985,339,,106,38,5,5,5,5,5,1,3,,"S"
1125,1986,339,,106,39,5,5,,,3,1,6,,"Z"
1126,1987,334,310,106,,3,4,5,4,4,1,4,,"Z"
1127,1988,334,310,106,,3,4,5,4,4,1,5,,"Z"
1128,1984,308,,107,25,4,5,6,,2,1,4,,"Z"
1129,1984,388,,108,36,5,5,5,5,5,1,4,,"S"
1130,1984,394,,109,24,4,4,5,0,0,0,,,"D"
1131,1985,395,,109,,1,2,4,,0,0,8,,"U"
1132,1984,320,,110,31,3,3,5,4,3,1,4,,"Z"
1133,1984,342,,111,,4,4,5,4,4,1,3,,"Z"
1134,1987,361,,112,22,2,5,6,5,5,1,3,,"Z"
1135,1985,326,,113,25,3,5,5,4,3,1,2,,"Z"
1136,1986,326,,113,26,3,4,5,0,0,0,4,,"U"
1137,1986,384,,114,,4,5,5,4,4,1,4,,"X"
1138,1985,398,,115,,1,1,5,0,0,0,,,"D"
1139,1987,405,,116,,5,5,5,4,4,1,6,,"Z"
1140,1985,384,,117,,4,5,5,5,4,1,4,,"Z"
1141,1985,350,,118,30,5,5,2,0,0,0,6,,"D"
1142,1986,353,271,118,,3,5,3,0,0,0,5,,"D"
1143,1987,360,299,118,33,4,4,0,0,0,0,,,"N"
1144,1985,388,286,119,37,4,5,5,,3,1,5,,"Z"
1145,1986,388,359,119,38,5,5,5,4,4,1,6,,"Z"
1146,1987,388,,119,39,5,5,5,5,5,1,4,,"S"
1147,1988,388,,119,40,5,5,5,5,4,1,3,,"Z"
1148,1989,388,295,119,41,5,5,5,4,4,1,,,"Z"
1149,1990,388,295,119,42,5,,5,5,5,1,2,,"S"
1150,1985,397,,120,24,5,5,5,4,4,1,4,,"Z"
1151,1985,308,,121,26,4,5,4,,3,1,4,,"Z"
1152,1985,318,,122,37,3,2,3,0,0,0,6,,"D"
1153,1985,301,,123,,2,2,5,3,0,0,6,,"U"
1154,1985,330,,124,35,5,5,5,,3,1,7,,"Z"
1155,1985,356,,125,37,2,1,3,3,0,0,,,"P"
1156,1986,360,,125,32,4,5,3,0,0,0,7,,"U"
1157,1987,339,,126,40,5,5,5,0,0,0,3,,"L"
1158,1988,347,,126,41,4,4,5,4,4,1,2,,"Z"
1159,1989,348,300,126,34,3,4,5,0,0,0,3,,"A"
1160,1990,347,,126,43,4,,5,5,5,1,3,,"S"
1161,1991,347,321,126,44,4,,5,0,0,0,,,"T"
1162,1993,347,,126,,,,5,5,4,1,3,,"Z"
1163,1985,302,,127,31,5,4,4,,3,1,2,,"Z"
1164,1985,399,,128,22,2,2,3,0,0,0,,,"A"
1165,1986,407,,129,23,4,3,3,0,0,0,6,,"D"
2,1972,67,,,,2,,5,,2,1,4,,"Z"
3,1974,1,,,,2,,,,3,1,6,,"Z"
4,1975,1,,,,2,,,0,0,0,8,,"P"
5,1971,2,,,,4,,,0,0,0,,,"B"
6,1972,2,,,,4,,0,0,0,0,,,"N"
7,1973,2,,,,4,,,0,0,0,,,"B"
8,1974,2,,,,4,,,,,1,,,"X"
9,1975,2,,542,,4,,6,5,4,1,4,,"Z"
10,1976,2,,625,,4,,4,1,1,1,5,,"Z"
11,1977,2,,625,,4,,5,3,3,1,7,,"Z"
12,1971,3,,,,4,,,,,1,,,"X"
13,1972,3,,,,4,,5,0,0,0,3,,"G"
14,1973,3,,,,4,,,,,1,,,"X"
15,1975,3,,543,,4,,5,5,5,1,3,,"S"
16,1976,3,,543,,4,,6,4,1,1,4,,"Z"
17,1977,3,,,,4,,3,0,0,0,6,,"D"
18,1980,3,,793,,4,,6,0,0,0,5,,"T"
19,1974,4,,,,3,,5,4,4,1,5,,"Z"
20,1975,4,,,,3,,5,0,0,0,3,,"D"
21,1976,4,,628,,3,,5,5,5,1,5,,"S"
22,1977,4,,628,,3,,4,1,0,0,5,,"M"
23,1979,4,,,,3,,0,0,0,0,,,"N"
24,1980,4,,,,3,,0,0,0,0,,,"N"
25,1971,5,,,,2,,4,2,2,1,4,,"Z"
26,1972,5,,,,2,,0,0,0,0,,,"N"
27,1973,5,,,,2,,0,0,0,0,,,"N"
28,1974,5,,,,2,,0,0,0,0,,,"N"
29,1972,6,,,,3,,0,0,0,0,,,"N"
30,1975,6,,544,,3,,3,2,2,1,6,,"Z"
31,1976,6,,,,3,,,0,0,0,,,"B"
32,1977,6,675,674,,3,,4,,0,0,6,,"P"
33,1980,6,,800,,3,,0,0,0,0,,,"N"
34,1971,7,,433,,3,,7,6,6,1,3,,"Z"
35,1972,7,,,,3,,5,5,5,1,3,,"S"
36,1973,7,,490,,3,,5,0,0,0,4,,"D"
37,1974,7,,,,3,,5,5,0,0,4,,"P"
38,1978,7,727,728,,3,,4,0,0,0,4,,"B"
39,1971,8,,,,3,,,,,1,,,"X"
40,1972,8,,,,3,,,,3,1,8,,"X"
41,1973,8,,,,3,,5,5,5,1,3,114,"S"
42,1974,8,,,,3,,5,2,2,1,3,,"Z"
43,1975,8,,,,3,,0,0,0,0,,,"N"
44,1972,9,,,,2,,,0,0,0,,,"C"
45,1975,9,,,,2,,,0,0,0,,,"B"
46,1976,9,,627,,2,,5,5,4,1,4,,"Z"
47,1977,9,676,627,,2,,,0,0,0,6,,"D"
48,1971,10,,,,1,,,,3,1,3,,"Z"
49,1971,11,,,,2,,,0,0,0,5,,"B"
50,1978,11,,731,,2,,6,5,5,1,4,,"Z"
51,1979,11,,731,,2,,6,5,5,1,4,,"Z"
52,1971,12,,,,1,,0,0,0,0,,,"N"
53,1971,13,,,,3,,5,4,4,1,4,,"Z"
54,1972,13,,,,3,,4,4,3,1,4,,"Z"
55,1973,13,,,,3,,5,2,2,1,6,,"Z"
56,1974,13,,,,3,,5,5,5,1,3,,"S"
57,1975,13,,545,,3,,0,0,0,0,,,"N"
58,1971,14,,449,,2,,5,5,5,1,4,,"S"
59,1972,14,481,,,2,,5,0,0,0,4,,"A"
60,1974,14,,,,2,,,,3,1,5,,"Z"
61,1971,15,,447,,4,,5,4,4,1,5,,"Z"
62,1972,15,,,,4,,4,0,0,0,3,,"D"
63,1973,15,,,,4,,5,4,4,1,5,,"Z"
64,1974,15,,,,4,,5,4,3,1,3,,"Z"
65,1975,15,547,546,,4,,4,,2,1,4,,"Z"
66,1976,15,,546,,4,,4,3,0,0,5,,"P"
67,1978,15,,545,,4,,5,4,4,1,4,,"Z"
68,1979,15,,545,,4,,2,0,0,0,8,,"D"
69,1971,16,,448,,1,,4,4,4,1,8,,"S"
70,1972,16,480,448,,1,,5,4,4,1,6,,"Z"
71,1971,17,,,,2,,,0,0,0,,,"B"
72,1973,17,503,502,,2,,0,0,0,0,,,"N"
73,1977,17,,545,,2,,5,5,5,1,5,,"S"
74,1971,18,,,,4,,4,3,3,1,5,,"Z"
75,1972,18,479,478,,4,,5,4,2,1,4,,"Z"
76,1973,18,,,,4,,1,0,0,0,6,,"D"
77,1974,18,,,,4,,,0,0,0,,,"C"
78,1975,18,,478,,4,,4,3,0,0,,,"P"
79,1976,18,657,545,,4,,5,4,3,1,4,101.5,"Z"
80,1978,18,,,,4,,,0,0,0,,,"D"
81,1971,19,450,,,1,,,,4,1,6,,"X"
82,1973,19,,,,1,,4,0,0,0,6,,"D"
83,1971,20,,,,1,,0,0,0,0,,,"N"
84,1972,20,,,,1,,4,1,0,0,6,,"M"
85,1971,21,,,,5,,,,1,1,6,,"Z"
86,1972,21,,474,,5,,5,4,4,1,4,,"Z"
87,1973,21,450,,,5,,5,4,4,1,5,,"Z"
88,1974,21,515,,,5,,5,5,5,1,6,88.7,"S"
89,1975,21,,545,,5,,,,,,,,"R"
90,1977,21,,672,,5,,4,4,4,1,7,,"S"
91,1978,21,729,730,,5,,4,4,4,1,4,,"S"
92,1979,21,761,,,5,,0,0,0,0,,,"N"
93,1980,21,,,,5,,0,0,0,0,,,"N"
94,1971,22,,443,,4,,5,4,4,1,4,,"Z"
95,1974,22,,,,4,,4,4,4,1,2,,"S"
96,1976,22,,553,,4,,4,3,3,1,4,100.6,"Z"
97,1977,22,,553,,4,,5,4,3,1,5,,"Z"
98,1978,22,,553,,4,,4,3,2,1,3,,"Z"
99,1979,22,,553,,4,,5,0,0,0,,,"U"
100,1980,22,,797,,4,,5,4,4,1,3,,"Z"
101,1972,23,,,,1,,4,0,0,0,,,"A"
102,1974,24,,,,1,,,0,0,0,,,"C"
103,1975,24,551,500,,1,,0,0,0,0,,,"N"
104,1971,25,,,,2,,,0,0,0,,,"C"
105,1972,25,,,,2,,0,0,0,0,,,"N"
106,1980,25,,796,,2,,3,0,0,0,,,"T"
107,1974,26,,,,1,,5,,4,1,3,,"Z"
108,1980,26,,,,1,,,0,0,0,,,"D"
109,1971,27,,,,3,,4,4,4,1,4,,"S"
110,1972,27,,,,3,,4,2,2,1,6,,"Z"
111,1973,27,497,496,,3,,,0,0,0,6,,"E"
112,1974,27,497,496,,3,,5,3,3,1,6,,"Z"
113,1975,27,,490,,3,,,2,2,1,8,,"Z"
114,1976,27,,658,,3,,0,0,0,0,,,"N"
115,1971,28,,,,2,,0,0,0,0,,,"N"
116,1978,28,,681,,2,,5,,1,1,6,,"Z"
117,1979,28,,681,,2,,4,4,4,1,5,,"Z"
118,1980,28,794,681,,2,,3,0,0,0,7,,"B"
119,1972,29,,,,2,,2,0,0,0,,,"D"
120,1974,29,,516,,2,,4,3,3,1,5,,"Z"
121,1975,29,,500,,2,,4,0,0,0,9,,"D"
122,1971,30,,,,3,,0,0,0,0,,,"N"
123,1972,30,,,,3,,,,,1,,,"Z"
124,1973,30,499,498,,3,,0,0,0,0,,,"N"
125,1974,30,,,,3,,0,0,0,0,,,"N"
126,1977,30,,,,3,,0,0,0,0,,,"N"
127,1971,31,,,,3,,,0,0,0,,,"C"
128,1972,31,,,,3,,,0,0,0,,,"C"
129,1973,31,501,500,,3,,,0,0,0,5,,"B"
130,1974,31,,,,3,,2,0,0,0,6,,"D"
131,1975,31,,,,3,,0,0,0,0,,,"N"
132,1980,31,,795,,3,,5,0,0,0,6,,"L"
133,1971,32,,,,3,,,0,0,0,,,"C"
134,1972,32,,,,3,,0,0,0,0,,,"N"
135,1973,32,,,,3,,5,,1,1,6,,"Z"
136,1974,32,,448,,3,,5,2,2,1,4,,"Z"
137,1975,32,552,448,,3,,5,4,4,1,6,,"Z"
138,1977,32,677,363,,3,,5,3,3,1,5,,"Z"
139,1972,33,,,,3,,,,1,1,2,,"Z"
140,1976,33,,448,,3,,5,1,1,1,5,105.8,"Z"
141,1978,33,,735,,3,,0,0,0,0,,,"N"
142,1979,33,,363,,3,,2,2,2,1,7,,"S"
143,1980,33,,801,,3,,5,5,5,1,4,,"S"
144,1971,34,,,,3,,,0,0,0,,,"B"
145,1972,34,,,,3,,,,,1,,,"Z"
146,1973,34,,,,3,,0,0,0,0,,,"N"
147,1974,34,,,,3,,5,5,5,1,4,,"S"
148,1975,34,,,,3,,4,0,0,0,5,,"D"
149,1976,34,,626,,3,,4,4,0,0,5,,"P"
150,1971,35,,,,1,,,0,0,0,4,,"B"
151,1971,36,439,,,4,,4,1,0,0,12,,"M"
152,1972,36,,,,4,,5,3,0,0,5,,"P"
153,1973,36,,,,4,,,,2,1,2,,"Z"
154,1974,36,,,,4,,4,3,3,1,6,99.4,"Z"
155,1975,36,,553,,4,,4,4,4,1,2,,"S"
156,1977,36,554,631,,4,,5,3,3,1,5,,"Z"
157,1979,36,,,,4,,0,0,0,0,,,"N"
158,1980,36,,802,,4,,5,5,4,1,3,,"Z"
159,1975,37,,,,1,,,,4,1,4,,"X"
160,1976,37,554,631,,1,,6,0,0,0,5,,"D"
161,1971,38,,437,,4,,5,3,3,1,3,,"Z"
162,1972,38,473,,,4,,5,1,0,0,5,,"M"
163,1973,38,,,,4,,4,3,3,1,7,,"Z"
164,1974,38,,,,4,,4,2,1,1,6,87.1,"Z"
165,1975,38,554,,,4,,3,0,0,0,5,,"P"
166,1978,38,734,678,,4,,2,0,0,0,8,,"A"
167,1979,38,,,,4,,5,4,4,1,5,,"Z"
168,1980,38,,762,,4,,5,5,4,1,4,,"Z"
169,1974,39,,,,2,,4,2,0,0,5,,"M"
170,1976,39,,549,,2,,4,1,0,0,4,,"M"
171,1977,39,,,,2,,0,0,0,0,,,"N"
172,1979,39,,762,,2,,5,3,2,1,6,,"Z"
173,1971,40,,,,3,,,,,1,,,"Z"
174,1972,40,,,,3,,6,4,4,1,4,,"Z"
175,1973,40,,,,3,,,,5,1,3,,"X"
176,1974,40,,,,3,,5,,3,1,3,,"Z"
177,1978,40,,,,3,,0,0,0,0,,,"N"
178,1971,41,,,,2,,6,5,5,1,3,,"Z"
179,1973,41,,,,2,,3,0,0,0,5,,"A"
180,1974,41,,,,2,,4,4,4,1,5,105.6,"S"
181,1971,42,436,435,,4,,,0,0,0,5,,"B"
182,1972,42,472,,,4,,3,3,3,1,4,,"S"
183,1973,42,,,,4,,3,0,0,0,6,,"D"
184,1974,42,,,,4,,3,3,3,1,3,,"S"
185,1975,42,,555,,4,,5,5,4,1,4,103.5,"Z"
186,1976,42,,,,4,,5,0,0,0,4,,"D"
187,1977,42,,682,,4,,0,0,0,0,,,"N"
188,1979,42,,,,4,,0,0,0,0,,,"N"
189,1971,43,,434,,4,,5,5,5,1,3,,"S"
190,1972,43,470,,,4,,4,3,3,1,4,,"Z"
191,1973,43,491,435,,4,,5,3,3,1,3,109.6,"Z"
192,1974,43,517,435,,4,,6,5,,1,3,,"Z"
193,1975,43,472,434,,4,,4,4,4,1,4,115.1,"S"
194,1977,43,,683,,4,,0,0,0,0,,,"N"
195,1979,43,,763,,4,,5,5,4,1,5,,"Z"
196,1980,43,,763,,4,,5,5,4,1,4,,"Z"
197,1972,44,,,,4,,5,0,0,0,3,,"B"
198,1973,44,,,,4,,5,5,3,1,2,119.4,"Z"
199,1974,44,470,518,,4,,5,4,3,1,2,113.5,"Z"
200,1975,44,,518,,4,,,,,,2,,"R"
201,1976,44,472,632,,4,,5,5,4,1,3,,"Z"
202,1978,44,,737,,4,,6,,4,1,4,,"Z"
203,1979,44,764,630,,4,,4,4,4,1,6,,"S"
204,1980,44,807,806,,4,,5,5,5,1,4,,"S"
205,1974,45,,,,4,,,0,0,0,,,"D"
206,1975,45,,366,,4,,4,3,2,1,6,,"Z"
207,1976,45,,366,,4,,,0,0,0,7,,"B"
208,1977,45,,,,4,,0,0,0,0,,,"N"
209,1978,45,,,,4,,,0,0,0,7,,"D"
210,1979,45,,366,,4,,5,,1,1,5,,"Z"
211,1980,45,,366,,4,,5,3,3,1,4,,"Z"
212,1971,46,,,,5,,,,3,1,2,,"Z"
213,1972,46,,,,5,,6,,,1,2,,"Z"
214,1973,46,,,,5,,,0,0,0,4,,"W"
215,1974,46,,,,5,,6,5,5,1,2,,"Z"
216,1975,46,,556,,5,,6,4,4,1,2,,"Z"
217,1976,46,,633,,5,,5,,2,1,2,,"Z"
218,1977,46,,633,,5,,4,,2,1,4,,"Z"
219,1978,46,,633,,5,,6,0,0,0,3,,"G"
220,1979,46,,633,,5,,4,4,3,1,4,,"Z"
221,1980,46,,803,,5,,4,0,0,0,5,,"T"
222,1972,47,,,,1,,4,0,0,0,3,,"D"
223,1971,48,,,,4,,5,0,0,0,4,,"H"
224,1972,48,,,,4,,5,,0,0,3,,"H"
225,1973,48,,,,4,,3,0,0,0,4,,"H"
226,1976,48,,369,,4,,4,0,0,0,5,,"H"
227,1977,48,,685,,4,,4,0,0,0,5,,"H"
228,1979,48,,,,4,,2,0,0,0,8,,"H"
229,1980,48,,,,4,,5,0,0,0,4,,"H"
230,1971,49,,,,3,,,0,0,0,,,"H"
231,1972,49,,,,3,,0,0,0,0,,,"N"
232,1975,49,,558,,3,,5,3,3,1,2,,"Z"
233,1977,49,,686,,3,,6,,0,0,4,,"H"
234,1978,49,,736,,3,,,0,0,0,5,,"B"
235,1971,50,,,,4,,5,,0,0,4,,"H"
236,1972,50,,,,4,,5,0,0,0,4,,"H"
237,1973,50,,,,4,,4,0,0,0,3,,"H"
238,1974,50,,,,4,,5,0,0,0,4,,"H"
239,1975,50,,557,,4,,5,0,0,0,3,,"H"
240,1978,50,,,,4,,0,0,0,0,,,"N"
241,1979,50,,,,4,,,0,0,0,,,"H"
242,1980,50,,735,,4,,7,0,0,0,3,,"H"
243,1971,51,,,,4,,6,5,5,1,3,,"Z"
244,1972,51,,,,4,,5,4,4,1,4,,"Z"
245,1974,51,,,,4,,5,5,5,1,2,,"S"
246,1976,51,,634,,4,,5,,3,1,4,,"Z"
247,1977,51,,634,,4,,4,3,3,1,3,,"Z"
248,1978,51,,,,4,,,,,,,,"X"
249,1979,51,,,,4,,,0,0,0,,,"U"
250,1971,52,,,,3,,4,3,3,1,3,,"Z"
251,1972,52,,,,3,,5,2,0,0,4,,"M"
252,1976,52,,635,,3,,5,5,3,1,3,,"Z"
253,1971,53,,,,1,,5,4,4,1,6,,"Z"
254,1971,54,,,,2,,5,0,0,0,7,,"A"
255,1976,54,,636,,2,,3,0,0,0,,,"D"
256,1977,54,,639,,2,,5,0,0,0,,,"L"
257,1971,55,,,,4,,6,5,5,1,3,,"Z"
258,1972,55,,,,4,,,,,1,,,"X"
259,1973,55,,,,4,,,,,1,,,"X"
260,1974,55,,,,4,,,,,1,,,"X"
261,1975,55,559,560,,4,,5,4,4,1,3,112.4,"Z"
262,1976,55,559,560,,4,,5,5,0,0,3,126.1,"P"
263,1977,55,689,688,,4,,5,4,3,1,6,,"Z"
264,1978,55,,,,4,,0,0,0,0,,,"N"
265,1971,56,,,,5,,6,6,5,1,4,,"Z"
266,1972,56,,,,5,,5,,4,1,3,,"Z"
267,1973,56,,,,5,,4,4,4,1,4,112,"S"
268,1974,56,,,,5,,6,5,5,1,4,106.9,"Z"
269,1975,56,,562,,5,,6,5,5,1,3,110.1,"Z"
270,1976,56,561,638,,5,,0,0,0,0,,,"N"
271,1977,56,,560,,5,,5,3,3,1,5,,"Z"
272,1979,56,,,,5,,,,0,0,,,"U"
273,1980,56,809,808,,5,,5,5,5,1,3,,"S"
274,1974,57,,,,1,,4,4,3,1,6,87,"Z"
275,1971,58,,,,5,,0,0,0,0,,,"N"
276,1972,58,,475,,5,,,,1,1,7,,"Z"
277,1973,58,,475,,5,,5,5,5,1,3,,"S"
278,1974,58,,,,5,,5,4,4,1,5,,"Z"
279,1975,58,564,563,,5,,5,3,3,1,2,102.6,"Z"
280,1976,58,,637,,5,,6,5,5,1,2,105.4,"Z"
281,1977,58,,,,5,,0,0,0,0,,,"N"
282,1978,58,,565,,5,,6,6,6,1,4,,"S"
283,1979,58,,766,,5,,5,0,0,0,6,,"D"
284,1972,59,477,476,,4,,,,3,1,5,,"Z"
285,1973,59,,494,,4,,,3,3,1,4,101.1,"Z"
286,1974,59,,,,4,,5,2,2,1,2,,"Z"
287,1975,59,,565,,4,,6,,,1,3,,"Z"
288,1976,59,,565,,4,,5,2,2,1,4,,"Z"
289,1977,59,,,,4,,,,,1,,,"X"
290,1980,59,810,766,,4,,0,0,0,0,,,"N"
291,1973,60,,,,1,,,0,0,0,,,"C"
292,1971,61,,,,5,,,0,0,0,,,"B"
293,1971,62,,,,2,,4,4,4,1,4,,"S"
294,1972,62,,,,2,,,0,0,0,,,"C"
295,1973,62,,,,2,,5,2,2,1,4,,"Z"
296,1974,62,,,,2,,4,,1,1,2,,"Z"
297,1971,63,,432,,4,,6,6,6,1,4,,"S"
298,1972,63,,,,4,,4,4,4,1,6,,"S"
299,1973,63,,,,4,,,0,0,0,6,,"C"
300,1974,63,,,,4,,,0,0,0,,,"G"
301,1975,63,,,,4,,,,3,1,4,,"Z"
302,1976,63,,639,,4,,5,,3,1,3,,"Z"
303,1977,63,,635,,4,,5,3,0,0,4,,"M"
304,1971,64,428,429,,4,,5,5,5,1,4,,"S"
305,1972,64,,429,,4,,3,3,3,1,6,,"S"
306,1973,64,,,,4,,5,,,1,5,91.3,"X"
307,1974,64,519,,,4,,0,0,0,0,,,"N"
308,1977,64,,372,,4,,5,4,4,1,5,100,"Z"
309,1978,64,,,,4,,5,5,5,1,4,,"S"
310,1979,64,,,,4,,5,4,4,1,5,,"Z"
311,1980,64,,372,,4,,0,0,0,0,,,"N"
312,1971,65,431,430,,5,,5,4,4,1,3,,"Z"
313,1972,65,,430,,5,,5,5,5,1,4,,"S"
314,1973,65,,489,,5,,5,5,5,1,5,96,"S"
315,1974,65,,,,5,,6,0,0,0,3,,"Q"
316,1975,65,,569,,5,,4,3,3,1,4,110.7,"Z"
317,1976,65,,569,,5,,5,,0,0,3,,"P"
318,1977,65,690,671,,5,,5,5,5,1,5,99.7,"S"
319,1978,65,,671,,5,,6,6,5,1,5,,"Z"
320,1979,65,690,671,,5,,5,5,5,1,5,,"S"
321,1980,65,690,671,,5,,0,0,0,0,,,"N"
322,1971,66,,,,5,,4,4,4,1,5,,"Z"
323,1972,66,,,,5,,0,0,0,0,,,"N"
324,1973,66,,,,5,,,0,0,0,5,,"B"
325,1974,66,522,521,,5,,,0,0,0,,,"G"
326,1975,66,,570,,5,,0,0,0,0,,,"N"
327,1976,66,640,540,,5,,5,5,4,1,4,113.6,"Z"
328,1977,66,,691,,5,,5,5,5,1,6,84.4,"S"
329,1978,66,,,,5,,0,0,0,0,,,"N"
330,1979,66,771,770,,5,,1,0,0,0,7,,"D"
331,1980,66,812,770,,5,,5,4,4,1,5,,"Z"
332,1971,67,,,,2,,,0,0,0,5,,"G"
333,1973,67,,,,2,,,0,0,0,4,,"P"
334,1977,67,,,,2,,,0,0,0,,,"U"
335,1979,67,,,,2,,,0,0,0,6,,"T"
336,1972,68,,,,1,,,,,1,,,"X"
337,1971,69,444,445,,4,,5,5,5,1,2,,"S"
338,1972,69,,,,4,,5,5,5,1,2,,"S"
339,1973,69,444,,,4,,,,,1,2,,"Z"
340,1974,69,,,,4,,5,,3,1,3,,"Z"
341,1976,69,660,659,,4,,5,0,0,0,5,,"D"
342,1978,69,,,,4,,4,3,3,1,5,,"Z"
343,1979,69,,,,4,,,0,0,0,8,,"F"
344,1980,69,,,,4,,0,0,0,0,,,"N"
345,1971,70,,446,,3,,4,2,2,1,3,,"Z"
346,1972,70,,,,3,,0,0,0,0,,,"N"
347,1973,70,,495,,3,,4,,2,1,4,,"Z"
348,1974,70,523,,,3,,5,5,5,1,2,,"S"
349,1975,70,,,,3,,3,0,0,0,,,"D"
350,1971,71,,,,2,,0,0,0,0,,,"N"
351,1975,71,,,,2,,5,4,4,1,5,,"Z"
352,1976,71,,581,,2,,4,0,0,0,,,"G"
353,1978,71,,,,2,,3,0,0,0,7,,"D"
354,1972,72,,,,2,,,,1,1,8,,"Z"
355,1973,72,,,,2,,,,1,1,6,,"Z"
356,1978,72,,659,,2,,5,,3,1,6,,"Z"
357,1971,73,,,,5,,0,0,0,0,,,"N"
358,1972,73,,,,5,,,,,1,,,"X"
359,1973,73,,,,5,,4,,1,1,3,,"Z"
360,1974,73,524,,,5,,,,3,1,3,,"X"
361,1976,73,,571,,5,,4,2,1,1,4,,"Z"
362,1977,73,,581,,5,,5,3,0,0,6,,"L"
363,1972,74,,,,2,,,0,0,0,,,"C"
364,1973,74,,,,2,,0,0,0,0,,,"N"
365,1975,74,,571,,2,,,2,0,0,,,"M"
366,1973,75,,,,1,,0,0,0,0,,,"N"
367,1971,76,,,,1,,,0,0,0,,,"B"
368,1972,76,,,,1,,0,0,0,0,,,"N"
369,1971,77,,,,5,,,,4,1,4,,"X"
370,1972,77,,,,5,,4,,3,1,4,,"Z"
371,1973,77,,,,5,,5,0,0,0,3,,"D"
372,1974,77,,,,5,,4,2,1,1,5,,"Z"
373,1975,77,,572,,5,,5,5,4,1,3,,"Z"
374,1976,77,,572,,5,,5,,3,1,4,,"Z"
375,1978,77,,572,,5,,5,4,4,1,4,,"Z"
376,1979,77,,,,5,,,,2,1,5,,"Z"
377,1980,77,,572,,5,,5,5,4,1,4,,"Z"
378,1972,78,,,,4,,5,5,5,1,3,,"S"
379,1973,78,,492,,4,,6,5,4,1,3,,"Z"
380,1974,78,,,,4,,5,4,4,1,5,,"Z"
381,1975,78,574,573,,4,,,,,,2,,"R"
382,1971,79,,,,5,,5,,3,1,5,,"Z"
383,1972,79,,,,5,,5,5,5,1,4,,"S"
384,1973,79,,,,5,,0,0,0,0,,,"N"
385,1974,79,,,,5,,4,4,4,1,4,,"S"
386,1975,79,,493,,5,,0,0,0,0,,,"N"
387,1976,79,574,492,,5,,4,1,1,1,5,,"Z"
388,1977,79,,,,5,,,0,0,0,,,"H"
389,1978,79,,739,,5,,5,2,2,1,6,,"Z"
390,1979,79,,,,5,,0,0,0,0,,,"N"
391,1980,79,,,,5,,0,0,0,0,,,"N"
392,1971,80,,,,1,,,,3,1,4,,"X"
393,1973,81,,,,1,,3,3,0,0,4,,"P"
394,1971,82,,,,3,,,,5,1,3,,"X"
395,1972,82,,,,3,,,0,0,0,4,,"B"
396,1973,82,,493,,3,,,2,2,1,3,,"Z"
397,1974,82,,,,3,,5,5,5,1,2,,"S"
398,1975,82,,493,,3,,3,0,0,0,8,,"D"
399,1976,82,,493,,3,,5,,,1,5,,"X"
400,1971,83,,,,5,,5,0,0,0,4,,"B"
401,1972,83,,,,5,,5,,3,1,3,,"Z"
402,1973,83,,,,5,,,0,0,0,3,,"H"
403,1974,83,,,,5,,,,,1,,,"X"
404,1975,83,,576,,5,,4,0,0,0,5,,"D"
405,1976,83,,,,5,,3,0,0,0,5,,"L"
406,1978,83,,697,,5,,5,4,4,1,3,,"Z"
407,1979,83,,697,,5,,5,2,2,1,3,,"Z"
408,1980,83,,,,5,,3,0,0,0,6,,"D"
409,1974,84,,,,3,,5,,2,1,5,,"Z"
410,1975,84,579,577,,3,,4,1,0,0,6,,"M"
411,1977,84,,643,,3,,5,4,4,1,4,128.8,"Z"
412,1978,84,,643,,3,,6,3,2,1,3,,"Z"
413,1979,84,772,374,,3,,5,5,4,1,3,,"Z"
414,1980,84,772,373,,3,,5,3,3,1,3,,"Z"
415,1971,85,,,,5,,6,5,5,1,4,,"Z"
416,1972,85,,,,5,,6,4,4,1,4,,"Z"
417,1973,85,,,,5,,4,1,1,1,4,,"Z"
418,1974,85,,,,5,,5,0,0,0,3,,"B"
419,1975,85,,581,,5,,5,4,4,1,4,113.6,"Z"
420,1976,85,,643,,5,,4,3,0,0,4,89,"M"
421,1977,85,,369,,5,,3,0,0,0,4,,"G"
422,1978,85,,,,5,,1,0,0,0,9,,"D"
423,1980,85,,692,,5,,1,0,0,0,4,,"D"
424,1973,86,,,,1,,,0,0,0,,,"B"
425,1972,87,,,,1,,6,,1,1,5,,"Z"
426,1974,88,,,,4,,5,5,5,1,5,,"S"
427,1975,88,583,582,,4,,5,2,2,1,5,99,"Z"
428,1976,88,,584,,4,,5,5,4,1,4,98.6,"Z"
429,1977,88,,584,,4,,5,5,5,1,5,,"S"
430,1978,88,,584,,4,,5,2,1,1,5,,"Z"
431,1979,88,,,,4,,4,1,0,0,6,,"M"
432,1980,88,,693,,4,,5,4,4,1,3,,"Z"
433,1973,89,,,,2,,5,,0,0,4,,"P"
434,1974,89,,,,2,,3,0,0,0,5,,"D"
435,1977,89,,692,,2,,4,0,0,0,5,,"B"
436,1971,90,,,,5,,5,5,4,1,4,,"Z"
437,1972,90,,,,5,,5,,4,1,4,,"Z"
438,1973,90,,,,5,,4,4,4,1,4,,"S"
439,1974,90,,,,5,,5,5,5,1,3,,"S"
440,1975,90,,584,,5,,5,5,5,1,4,102.6,"S"
441,1976,90,,,,5,,5,0,0,0,,,"L"
442,1971,91,,,,4,,5,,1,1,4,,"Z"
443,1972,91,,,,4,,5,,1,1,3,,"Z"
444,1973,91,,,,4,,4,2,2,1,3,,"Z"
445,1974,91,,,,4,,5,2,2,1,3,,"Z"
446,1975,91,,585,,4,,5,2,2,1,4,110.4,"Z"
447,1976,91,,585,,4,,4,2,2,1,5,108.5,"Z"
448,1977,91,,693,,4,,3,3,0,0,4,,"P"
449,1971,92,,,,3,,0,0,0,0,,,"N"
450,1973,92,,,,3,,5,,4,1,4,,"Z"
451,1974,92,,,,3,,,,,1,,,"X"
452,1975,92,,586,,3,,5,,4,1,4,,"Z"
453,1976,92,,641,,3,,2,0,0,0,6,,"D"
454,1971,93,,,,2,,0,0,0,0,,,"N"
455,1973,93,,,,2,,,0,0,0,7,,"Q"
456,1974,93,,,,2,,5,,0,0,3,,"P"
457,1971,94,,,,5,,6,5,5,1,3,,"Z"
458,1972,94,,,,5,,6,,4,1,3,,"Z"
459,1973,94,,,,5,,4,,2,1,5,,"Z"
460,1974,94,,,,5,,,,,1,,,"X"
461,1975,94,,,,5,,,0,0,0,,,"U"
462,1976,94,,,,5,,0,0,0,0,,,"N"
463,1977,94,695,376,,5,,0,0,0,0,,,"N"
464,1978,94,,,,5,,0,0,0,0,,,"N"
465,1979,94,,,,5,,,0,0,0,,,"U"
466,1971,95,,,,1,,,0,0,0,,,"B"
467,1971,96,,,,3,,,0,0,1,,,"L"
468,1973,96,,,,3,,4,,0,0,4,,"W"
469,1974,96,,,,3,,5,4,4,1,2,,"Z"
470,1975,96,,375,,3,,,,,,,,"R"
471,1976,96,645,,,3,,4,0,0,0,4,,"A"
472,1979,96,,774,,3,,,0,0,0,8,,"F"
473,1971,97,,,,1,,5,0,0,0,,,"P"
474,1972,97,,,,1,,4,,1,1,6,,"Z"
475,1971,98,,,,4,,5,,4,1,4,,"Z"
476,1973,98,,,,4,,5,4,3,1,3,,"Z"
477,1975,98,,575,,4,,5,4,3,1,6,,"Z"
478,1976,98,,375,,4,,5,2,1,1,4,,"Z"
479,1977,98,,375,,4,,4,3,1,1,5,,"Z"
480,1978,98,,375,,4,,5,,1,1,5,,"Z"
481,1979,98,,375,,4,,3,1,0,0,6,,"M"
482,1971,99,,,,3,,5,2,2,1,3,,"Z"
483,1972,99,,,,3,,6,6,6,1,3,,"S"
484,1973,99,,,,3,,5,5,3,1,3,,"Z"
485,1974,99,,,,3,,5,5,5,1,3,,"S"
486,1977,99,,575,,3,,5,5,4,1,6,,"Z"
1166,1987,409,303,129,,3,2,,,4,1,6,,"X"
1167,1986,325,,130,,3,1,2,0,0,0,9,,"D"
1168,1986,392,,131,26,5,5,4,4,4,1,4,,"S"
1169,1987,392,,131,27,5,5,6,6,6,1,3,,"S"
1170,1986,320,,132,33,3,3,5,,0,0,3,,"U"
1171,1987,342,,132,,4,2,4,4,4,1,3,,"S"
1172,1988,342,,132,26,4,2,,,,1,,,"X"
1173,1989,342,,132,27,4,2,,,,1,,,"X"
1174,1990,342,,132,28,4,,,,,1,,,"X"
1175,1991,342,,132,29,4,,5,4,3,1,5,,"Z"
1176,1986,321,,133,35,4,3,5,3,3,1,5,,"Z"
1177,1990,322,281,133,39,3,,,,2,1,2,,"X"
1178,1986,318,,134,38,3,2,4,0,0,0,5,,"D"
1179,1986,405,,135,,5,5,5,5,5,1,4,,"S"
1180,1986,310,,136,30,4,4,4,4,2,1,5,,"Z"
1181,1989,354,291,136,33,5,3,5,3,3,1,5,,"Z"
1182,1990,354,291,136,34,5,,,,,1,,,"X"
1183,1986,330,,137,36,5,5,4,4,4,1,6,,"S"
1184,1987,394,305,137,27,4,4,4,4,4,1,4,,"S"
1185,1989,304,,138,37,3,3,5,4,4,1,4,,"Z"
1186,1986,400,,139,33,1,1,4,3,3,1,5,,"Z"
1187,1986,359,,140,36,5,5,1,0,0,0,8,,"D"
1188,1986,394,,141,26,4,4,3,3,3,1,7,,"S"
1190,1986,308,,143,27,4,5,,,5,1,5,,"Z"
1191,1988,406,,144,27,4,3,0,0,0,0,,,"N"
1192,1988,361,,145,23,2,5,6,5,5,1,1,,"Z"
1193,1989,361,,145,24,2,5,6,6,6,1,,,"S"
1194,1987,380,,146,27,2,2,5,,0,0,4,,"U"
1195,1987,310,,147,31,4,4,5,0,0,0,,,"D"
1196,1987,407,,148,24,4,3,0,0,0,0,,,"N"
1197,1987,348,,149,32,3,4,5,4,4,1,5,,"Z"
1198,1988,348,300,149,33,3,4,6,5,5,1,5,,"Z"
1199,1990,396,,149,,4,,5,4,4,1,4,,"Z"
1200,1991,396,,149,,4,,3,2,2,1,7,,"Z"
1201,1987,320,,150,34,3,3,0,0,0,0,,,"N"
1202,1987,408,,151,32,5,5,5,5,5,1,2,,"S"
1203,1988,408,,151,33,5,5,6,5,5,1,3,,"Z"
1204,1987,326,,152,27,3,3,5,5,0,0,4,,"U"
1205,1987,330,,153,37,5,5,5,0,0,0,5,,"T"
1206,1987,322,,154,20,3,2,5,4,0,0,5,,"P"
1207,1987,391,,155,27,3,3,5,0,0,0,3,,"T"
1208,1988,392,,155,28,5,5,,,,1,2,,"X"
1209,1989,392,,155,29,5,5,6,6,6,1,2,,"S"
1210,1990,392,295,155,30,5,,,,5,1,3,,"X"
1211,1991,392,,155,31,5,,5,3,3,1,3,,"Z"
1212,1987,384,301,156,,4,5,6,5,5,1,2,,"Z"
1213,1990,412,,157,,,,5,0,0,0,5,,"A"
1214,1987,302,284,158,32,5,5,,,3,1,3,,"X"
1215,1988,330,,159,38,5,5,4,4,4,1,6,,"S"
1216,1989,350,302,159,34,5,5,,,2,1,,,"X"
1217,1990,413,,159,35,,,4,0,0,0,7,,"D"
1218,1991,346,,159,31,1,,4,0,0,0,6,,"D"
1219,1988,409,,160,,3,2,,,4,1,4,,"X"
1220,1988,311,,161,31,4,2,5,5,3,1,5,,"Z"
1221,1988,316,,162,27,4,4,0,0,0,0,,,"N"
1222,1988,387,311,163,,,,,,,,,,
1223,1988,328,,164,,4,4,5,0,0,0,,,"A"
1224,1991,328,,164,,4,,5,5,5,1,3,,"S"
1225,1992,328,,164,,4,,5,4,4,1,3,,"Z"
1226,1993,328,,164,,,,5,5,5,1,2,,"S"
1227,1994,328,306,164,,,,5,4,4,1,4,,"Z"
1228,1988,308,,165,29,4,5,6,5,5,1,4,,"Z"
1229,1989,305,,165,31,3,2,6,6,6,1,3,,"S"
1230,1990,305,,165,32,3,,6,6,6,1,2,,"S"
1231,1991,305,,165,33,3,,6,6,5,1,4,,"Z"
1232,1992,305,,165,34,3,,6,6,6,1,4,,"S"
1233,1993,305,,165,35,,,4,2,2,1,5,,"Z"
1234,1988,304,309,166,36,3,2,5,5,3,1,5,,"Z"
1235,1989,384,293,166,,4,5,5,4,4,1,4,,"Z"
1236,1988,391,,167,28,3,3,5,4,4,1,,,"Z"
1237,1988,410,,168,27,1,1,5,0,0,0,5,,"T"
1238,1989,308,,168,30,4,5,3,2,0,0,6,,"D"
1239,1993,422,,168,,,,6,6,3,1,3,,"Z"
1240,1994,422,,168,,,,5,4,4,1,5,,"Z"
1241,1988,380,,169,28,2,2,4,0,0,0,6,,"A"
1242,1993,394,,169,33,,,,,,1,,,"X"
1243,1988,411,,170,27,1,1,6,0,0,0,,,"D"
1244,1989,334,292,170,,3,4,,,,1,,,"X"
1245,1990,334,,170,29,3,,6,3,3,1,3,,"Z"
1246,1991,334,319,170,30,3,,3,2,2,1,4,,"Z"
1247,1992,343,,170,32,3,,5,5,5,1,4,,"S"
1248,1993,342,328,170,31,,,5,5,5,1,3,,"S"
1249,1994,342,,170,32,,,5,5,5,1,6,,"S"
1250,1991,388,,171,43,5,,5,5,5,1,4,,"S"
1251,1988,302,,172,33,5,5,,,,1,,,"X"
1252,1988,360,308,173,34,4,4,,0,0,0,,,"A"
1253,1989,353,308,173,,3,5,,,4,1,,,"X"
1254,1990,353,,173,,3,,,,,1,,,"Z"
1255,1991,353,,173,,3,,,,4,1,5,,"X"
1256,1992,353,,173,,3,,,,,1,,,"X"
1257,1993,360,329,173,39,,,,0,0,0,7,,"D"
1258,1989,393,,174,29,4,3,5,4,4,1,4,,"Z"
1259,1990,393,,174,30,4,,5,5,5,1,4,,"S"
1260,1989,390,312,175,26,2,2,3,2,1,1,7,,"Z"
1261,1990,390,278,175,27,2,,5,5,5,1,4,,"S"
1262,1991,390,280,175,28,2,,5,5,4,1,5,,"Z"
1263,1989,301,,176,,2,2,0,0,0,0,,,"N"
1264,1989,328,306,177,,4,4,5,5,5,1,3,,"S"
1265,1990,328,,177,,4,,5,5,5,1,3,,"S"
1266,1989,347,,178,42,4,4,3,3,3,1,6,,"S"
1267,1990,343,,178,30,3,,4,3,3,1,4,,"Z"
1268,1989,321,,179,38,4,3,2,0,0,0,7,,"D"
1269,1989,322,351,180,38,3,2,5,5,5,1,,,"S"
1270,1994,392,,181,34,,,,,,1,,,"X"
1271,1989,320,297,183,36,3,3,,,0,0,,,"M"
1272,1991,405,,184,,,,5,0,0,0,5,,"T"
1273,1992,388,,184,44,5,,4,3,0,0,5,,"W"
1274,1994,322,,184,43,,,4,0,0,0,,,"D"
1275,1989,405,,185,,5,5,,,4,1,5,,"X"
1276,1990,405,,185,,,,5,3,2,1,3,,"Z"
1277,1989,383,294,186,,5,4,,,1,1,6,,"X"
1278,1990,383,279,186,,5,,0,0,0,0,,,"N"
1279,1990,332,296,187,21,3,,4,4,4,1,5,,"S"
1280,1991,332,,187,22,3,,5,5,5,1,3,,"S"
1281,1992,332,322,187,23,3,,5,5,5,1,3,,"S"
1282,1990,384,,188,,4,,5,4,4,1,5,,"Z"
1283,1990,346,,189,30,1,,4,3,3,1,5,,"Z"
1284,1990,415,,190,25,,,4,3,3,1,6,,"Z"
1285,1990,361,,191,25,2,,2,0,0,0,6,,"A"
1286,1990,350,302,192,35,5,,4,1,1,1,8,,"Z"
1287,1991,350,,192,36,5,,6,4,4,1,3,,"Z"
1288,1990,395,,193,,1,,2,1,1,1,7,,"Z"
1289,1990,310,,194,33,4,,5,4,4,1,5,,"Z"
1290,1990,411,,195,29,,,4,4,0,0,5,,"M"
1291,1991,343,,195,31,3,,5,4,2,1,5,,"Z"
1292,1993,321,,195,42,,,,0,0,0,,,"U"
1293,1990,302,,196,35,5,,5,3,3,1,5,,"Z"
1294,1991,419,,196,28,,,4,4,4,1,5,,"S"
1295,1990,414,317,198,,,,4,4,4,1,4,,"S"
1296,1991,393,317,198,31,4,,2,0,0,0,7,,"D"
1297,1992,414,,198,,,,5,0,0,0,,,"D"
1298,1994,424,,198,20,,,4,2,2,1,6,,"Z"
1299,1991,348,,199,35,3,,5,5,5,1,6,,"S"
1300,1992,350,,199,37,5,,5,5,5,1,4,,"S"
1301,1993,350,,199,38,,,6,6,5,1,2,,"Z"
1302,1994,350,334,199,39,,,,,,1,,,"X"
1303,1991,414,,200,,,,5,,0,0,6,,"D"
1304,1992,334,,200,31,3,,5,0,0,0,4,,"D"
1305,1994,332,,200,25,,,4,4,3,1,5,,"Z"
1306,1991,421,283,201,,,,0,0,0,0,,,"N"
1307,1991,327,,202,,4,,3,1,1,1,4,,"Z"
1308,1992,327,,202,,4,,5,0,0,0,4,,"A"
1309,1993,380,,202,28,,,5,0,0,0,,,"A"
1310,1991,387,316,203,,1,,4,0,0,0,5,,"D"
1311,1991,301,320,204,,2,,5,5,4,1,5,,"Z"
1312,1991,384,,205,,4,,,,4,1,3,,"X"
1313,1991,383,282,206,,5,,5,4,4,1,5,,"Z"
1314,1991,416,,207,,,,,,,,,,
1315,1991,420,,208,,,,6,5,5,1,3,,"Z"
1316,1991,322,,209,40,3,,5,0,0,0,5,,"D"
1317,1991,411,,210,30,,,5,2,2,1,6,,"Z"
1318,1992,411,,210,31,,,5,,3,1,4,,"Z"
1319,1993,411,327,210,32,,,4,0,0,0,7,,"D"
1320,1991,310,,211,34,4,,5,4,0,0,,,"L"
1321,1992,412,,211,,,,5,3,3,1,5,,"Z"
1322,1991,417,,212,28,,,4,4,2,1,8,,"Z"
1323,1993,420,,212,,,,6,6,5,1,3,,"Z"
1324,1993,391,,213,33,,,5,5,5,1,3,,"S"
1325,1994,391,,213,34,,,,,,1,,,"X"
1326,1992,384,,214,,,,,,,,,,
1327,1993,384,,214,,,,,,3,1,4,,"X"
1328,1994,384,336,214,,,,,,,1,,,"X"
1329,1992,346,,215,32,1,,0,0,0,0,,,"N"
1330,1992,391,,216,32,3,,5,5,5,1,4,,"S"
1331,1994,412,,216,,,,,,,1,,,"X"
1332,1992,348,,217,36,3,,5,2,1,1,6,,"Z"
1333,1992,395,,218,,1,,4,4,4,1,6,,"S"
1334,1993,395,,218,,,,4,3,3,1,5,,"Z"
1335,1992,310,,219,35,4,,4,4,2,1,6,,"Z"
1336,1992,360,,220,38,4,,0,0,0,0,,,"N"
1337,1992,415,,221,27,,,0,0,0,0,,,"N"
1338,1992,398,,222,,1,,5,5,5,1,4,,"S"
1339,1993,334,354,222,32,,,3,3,3,1,4,,"S"
1340,1993,348,,223,37,,,5,5,5,1,3,,"S"
1341,1994,348,333,223,38,,,5,5,5,1,5,,"S"
1342,1993,414,,224,,,,5,5,5,1,2,,"S"
1343,1993,387,325,225,,,,5,5,3,1,6,,"Z"
1344,1993,396,,226,,,,4,4,3,1,5,,"Z"
1345,1994,396,350,226,,,,4,4,4,1,6,,"S"
1346,1993,310,,227,36,,,5,5,5,1,4,,"S"
1347,1993,398,,228,,,,5,3,3,1,7,,"Z"
1348,1994,398,,228,,,,4,3,0,0,7,,"V"
1349,1993,405,278,229,,,,4,0,0,0,,,"D"
1350,1994,353,,230,,,,,0,0,0,,,"U"
1351,1994,394,331,231,34,,,3,3,2,1,6,,"Z"
1352,1994,346,,232,34,,,4,4,3,1,4,,"Z"
1353,1994,321,,233,43,,,5,5,5,1,5,,"S"
1354,1994,320,,234,41,,,4,4,4,1,4,,"S"
1355,1994,383,,235,,,,5,3,2,1,3,,"Z"
1356,1994,420,316,236,,,,,,,1,,,"X"
1357,1994,387,,237,,,,4,0,0,0,7,,"D"
1358,1994,347,,238,,,,2,0,0,0,7,,"A"
1359,1994,310,,239,37,,,4,4,4,1,4,,"S"
1360,1994,419,,240,31,,,5,5,5,1,5,,"S"
1361,1995,305,,249,,,,5,5,5,1,6,,"S"
1362,1995,320,,181,,,,4,2,2,1,5,,"Z"
1363,1995,321,,250,,,,4,4,3,1,6,,"Z"
1364,1995,328,,164,,,,5,5,3,1,4,,"Z"
1365,1995,342,324,244,,,,5,5,5,1,5,,"S"
1366,1995,346,339,247,,,,4,0,0,0,4,,"A"
1367,1995,347,329,248,,,,5,5,3,1,5,,"Z"
1368,1995,348,333,223,,,,5,5,5,1,3,,"S"
1369,1995,384,,214,,,,5,5,5,1,3,,"S"
1370,1995,391,,229,,,,6,6,6,1,3,,"S"
1371,1995,394,,231,,,,5,3,3,1,4,,"Z"
1372,1995,414,,246,,,,5,0,0,0,5,,"P"
1373,1995,419,,240,,,,5,4,4,1,6,,"Z"
1374,1995,421,,197,,,,3,0,0,0,8,,"D"
1375,1995,424,338,243,,,,3,0,0,0,7,,"D"
1376,1995,425,,252,,,,4,2,2,1,7,,"Z"
1377,1995,426,,251,,,,4,4,4,1,6,,"S"
1378,1996,320,,181,,,,5,4,4,1,3,,"Z"
1379,1996,321,345,260,,,,,0,0,0,,,"A"
1380,1996,328,,164,,,,5,5,3,1,4,,"Z"
1381,1996,334,335,195,,,,1,0,0,0,7,,"D"
1382,1996,342,,244,,,,5,5,4,1,5,,"Z"
1383,1996,346,,242,,,,5,5,5,1,5,,"S"
1384,1996,347,,248,,,,6,6,3,1,5,,"Z"
1385,1996,348,,223,,,,5,5,5,1,5,,"S"
1386,1996,353,,257,,,,,0,0,0,,,"U"
1387,1996,354,,258,,,,5,5,5,1,4,,"S"
1388,1996,384,,214,,,,,,,1,,,"X"
1389,1996,387,,254,,,,6,5,4,1,2,,"Z"
1390,1996,394,,231,,,,,,,1,,,"X"
1391,1996,396,339,255,,,,0,0,0,0,,,"N"
1392,1996,398,,259,,,,4,3,3,1,6,,"Z"
1393,1996,414,,256,,,,4,0,0,0,6,,"U"
1394,1996,424,,198,,,,5,5,4,1,5,,"Z"
1395,1996,427,,245,,,,5,4,4,1,3,,"Z"
1396,1997,305,,265,,,,4,4,4,1,4,,"S"
1397,1997,321,,,,,,0,0,0,0,,,"N"
1398,1997,328,,164,,,,5,4,4,1,4,,"Z"
1399,1997,332,348,256,,,,0,0,0,0,,,"N"
1400,1997,334,,266,,,,,,4,1,,,"X"
1401,1997,342,,263,,,,6,4,3,1,6,,"Z"
1402,1997,346,,255,,,,0,0,0,0,,,"N"
1403,1997,347,,,,,,0,0,0,0,,,"N"
1404,1997,348,,247,,,,5,5,5,1,4,,"S"
1405,1997,350,,253,,,,5,3,2,1,6,,"Z"
1406,1997,353,347,257,,,,,,,1,,,"X"
1407,1997,354,,258,,,,6,,0,0,3,,"P"
1408,1997,383,340,235,,,,,,,1,,,"X"
1409,1997,393,,261,,,,6,5,5,1,4,,"Z"
1410,1997,394,346,262,,,,5,5,5,1,4,,"S"
1411,1997,398,,259,,,,5,4,4,1,5,,"Z"
1412,1997,405,,,,,,,,4,1,,,"X"
1413,1997,412,,,,,,,,,1,,,"X"
1414,1997,419,,,,,,,,5,1,5,,"X"
1415,1997,421,,264,,,,5,4,4,1,5,,"Z"
1416,1997,423,,245,,,,6,6,6,1,2,,"S"
1417,1997,424,338,198,,,,5,4,4,1,5,,"Z"
1418,1997,384,,241,,,,,,,0,,,"N"
1419,1997,422,349,,,,,0,0,0,0,,,"N"
1421,1989,310,287,,,,,,,,,,,
1422,1990,320,297,,,,,,,,,,,
1423,1993,327,323,,,,,,,,,,,
1424,1993,332,326,200,,,,,,,,,,
1425,1995,334,332,195,,,,,,,,,,
1426,1995,350,337,,,,,,,,,,,
1427,1996,350,342,253,,,,,,,,,,
1428,1994,354,334,,,,,,,,,,,
1429,1985,304,285,,,,,,,,,,,
1430,1986,304,289,,,,,,,,,,,
1431,1987,304,309,,,,,,,,,,,
1432,1980,352,269,,,,,,,,,,,
1433,1984,353,271,,,,,,,,,,,
1434,1985,353,271,,,,,,,,,,,
1435,1987,353,302,,,,,,,,,,,
1436,1985,383,277,,,,,,,,,,,
1437,1987,383,312,,,,,,,,,,,
1439,1995,387,341,245,,,,,,,,,,
1440,1991,406,318,,,,,,,,,,,
1441,1986,408,290,,,,,,,,,,,
1442,1994,411,335,352,,,,,,,,,,
1443,1989,412,307,,,,,,,,,,,
1444,1997,418,324,,,,,,,,,,,
1445,1995,422,330,,,,,,,,,,,
1446,1996,425,344,,,,,,,,,,,
1447,1996,428,343,245,,,,,,,,,,
1448,1988,394,313,,,,,,,,,,,
1449,1996,384,,241,,,,,,,,,,
