"RowRef","MeasureDate","MeasureTime","BirdID","Wing","Mass"
250,"25/04/1990, 00.00.00",,296,201,130
251,"27/05/1990, 00.00.00","30/12/1899, 10.15.00",195,236,333
252,"27/05/1990, 00.00.00","30/12/1899, 12.30.00",170,234,320
253,"27/05/1990, 00.00.00","30/12/1899, 09.30.00",178,242,360
254,"24/05/1990, 00.00.00","30/12/1899, 14.30.00",126,247,350
255,"30/04/1990, 00.00.00","30/12/1899, 20.30.00",189,241,310
256,"23/05/1990, 00.00.00","30/12/1899, 10.30.00",149,232,312
257,"23/04/1990, 00.00.00",,291,197,150
258,"23/06/1990, 00.00.00",,291,196,143
259,"26/06/1990, 00.00.00","30/12/1899, 20.00.00",136,244,310
260,"25/06/1990, 00.00.00","30/12/1899, 17.15.00",159,235,285
261,"22/05/1990, 00.00.00",,192,230,290
262,"26/06/1990, 00.00.00","30/12/1899, 09.30.00",302,199,140
264,"23/04/1990, 00.00.00",,173,244,320
265,"27/06/1990, 00.00.00",,173,245,305
266,"11/07/1990, 00.00.00","30/12/1899, 14.00.00",317,198,138
267,"12/07/1990, 00.00.00","30/12/1899, 09.45.00",198,230,282
268,"25/05/1990, 00.00.00","30/12/1899, 20.15.00",193,232,285
269,"19/05/1990, 00.00.00","30/12/1899, 19.30.00",174,237,310
270,"22/05/1990, 00.00.00","30/12/1899, 09.00.00",190,235,324
271,"21/05/1990, 00.00.00","30/12/1899, 20.15.00",190,241,335
272,"20/05/1990, 00.00.00",,177,234,340
273,"27/04/1989, 00.00.00",,101,240,335
274,"26/04/1989, 00.00.00",,292,204,150
275,"27/04/1989, 00.00.00",,170,234,375
276,"29/05/1989, 00.00.00",,178,239,355
277,"30/06/1989, 00.00.00","30/12/1899, 09.00.00",308,205,136
279,"10/05/1989, 00.00.00","30/12/1899, 14.30.00",300,202,145
280,"23/05/1989, 00.00.00","30/12/1899, 09.00.00",126,246,350
281,"23/04/1989, 00.00.00",,159,234,332
282,"08/05/1989, 00.00.00","30/12/1899, 11.20.00",302,201,148
283,"23/05/1989, 00.00.00","30/12/1899, 09.00.00",291,196,150
284,"24/05/1989, 00.00.00",,136,241,315
285,"01/06/1989, 00.00.00",,351,195,150
286,"26/06/1989, 00.00.00","30/12/1899, 10.00.00",180,237,310
287,"26/06/1989, 00.00.00",,297,201,145
288,"27/06/1989, 00.00.00","30/12/1899, 20.00.00",183,234,277
289,"23/05/1989, 00.00.00",,155,237,350
290,"24/05/1989, 00.00.00",,295,204,151
291,"01/06/1989, 00.00.00","30/12/1899, 16.45.00",119,242,335
292,"01/06/1989, 00.00.00","30/12/1899, 14.45.00",179,236,328
293,"10/07/1989, 00.00.00","30/12/1899, 09.30.00",185,239,290
294,"26/06/1989, 00.00.00","30/12/1899, 11.00.00",307,202,150
295,"08/07/1989, 00.00.00","30/12/1899, 20.00.00",307,,147
296,"24/05/1989, 00.00.00","30/12/1899, 11.50.00",145,235,366
297,"09/05/1989, 00.00.00",,168,232,320
298,"27/04/1989, 00.00.00",,294,200,138
299,"26/05/1989, 00.00.00",,294,202,145
300,"30/06/1989, 00.00.00","30/12/1899, 10.30.00",294,200,136
301,"10/07/1989, 00.00.00",,186,241,
302,"07/05/1989, 00.00.00","30/12/1899, 09.45.00",312,200,150
303,"07/05/1989, 00.00.00",,175,241,338
304,"29/06/1989, 00.00.00","30/12/1899, 17.30.00",287,209,138
305,"26/05/1989, 00.00.00",,138,236,365
306,"23/05/1989, 00.00.00",,165,238,
307,"23/05/1989, 00.00.00","30/12/1899, 13.00.00",166,239,312
308,"08/05/1989, 00.00.00",,176,236,260
309,"24/04/1989, 00.00.00",,351,195,150
310,"27/04/1989, 00.00.00",,174,237,326
311,"26/05/1988, 00.00.00","30/12/1899, 13.45.00",145,237,355
312,"26/05/1988, 00.00.00","30/12/1899, 15.50.00",119,240,340
314,"26/05/1988, 00.00.00",,167,229,355
315,"30/04/1988, 00.00.00",,155,240,340
316,"26/04/1988, 00.00.00",,311,200,150
317,"26/04/1988, 00.00.00","30/12/1899, 17.00.00",163,235,285
318,"26/05/1988, 00.00.00","30/12/1899, 20.00.00",168,234,312
319,"25/04/1988, 00.00.00","30/12/1899, 10.10.00",162,238,305
320,"28/04/1988, 00.00.00",,312,201,153
321,"24/04/1988, 00.00.00","30/12/1899, 18.30.00",161,233,295
322,"25/05/1988, 00.00.00","30/12/1899, 12.00.00",165,,332
323,"01/05/1988, 00.00.00","30/12/1899, 11.20.00",309,205,160
324,"25/05/1988, 00.00.00","30/12/1899, 13.30.00",166,237,305
325,"24/04/1988, 00.00.00","30/12/1899, 18.00.00",1,234,304
326,"08/07/1988, 00.00.00","30/12/1899, 11.00.00",172,247,280
327,"28/05/1988, 00.00.00","30/12/1899, 18.00.00",170,229,310
328,"23/04/1988, 00.00.00","30/12/1899, 09.15.00",310,204,150
329,"01/05/1988, 00.00.00",,106,240,345
330,"22/04/1999, 00.00.00",,160,236,250
331,"23/04/1988, 00.00.00","30/12/1899, 19.20.00",126,247,330
332,"30/04/1988, 00.00.00","30/12/1899, 09.00.00",144,231,280
333,"23/05/1988, 00.00.00","30/12/1899, 15.00.00",99,249,325
334,"02/05/1988, 00.00.00","30/12/1899, 10.00.00",300,200,154
335,"25/05/1988, 00.00.00","30/12/1899, 18.00.00",149,233,310
336,"09/08/1988, 00.00.00",,173,235,270
337,"10/07/1988, 00.00.00",,308,201,135
338,"23/05/1988, 00.00.00","30/12/1899, 16.00.00",81,236,350
339,"23/05/1988, 00.00.00","30/12/1899, 09.30.00",151,237,325
340,"23/05/1988, 00.00.00","30/12/1899, 20.00.00",313,204,
341,"27/05/1988, 00.00.00",,169,239,330
342,"24/04/1988, 00.00.00","30/12/1899, 09.30.00",356,234,282
343,"25/05/1988, 00.00.00",,101,240,310
344,"23/05/1988, 00.00.00","30/12/1899, 10.45.00",164,233,320
345,"01/05/1988, 00.00.00","30/12/1899, 09.45.00",159,235,300
346,"25/05/1988, 00.00.00",,97,240,332
348,"09/06/1987, 00.00.00","30/12/1899, 13.00.00",122,242,308
349,"26/05/1987, 00.00.00","30/12/1899, 13.15.00",116,243,385
350,"28/05/1987, 00.00.00",,119,242,342
351,"26/05/1987, 00.00.00","30/12/1899, 09.45.00",155,240,340
352,"27/05/1987, 00.00.00","30/12/1899, 15.30.00",131,238,345
353,"11/05/1987, 00.00.00","30/12/1899, 19.45.00",150,227,275
354,"25/05/1987, 00.00.00","30/12/1899, 20.00.00",154,,340
355,"27/04/1987, 00.00.00","30/12/1899, 10.30.00",301,202,140
356,"27/05/1987, 00.00.00","30/12/1899, 14.00.00",156,234,335
357,"29/06/1987, 00.00.00","30/12/1899, 19.30.00",284,200,150
358,"30/06/1987, 00.00.00","30/12/1899, 20.30.00",158,240,295
359,"25/04/1987, 00.00.00",,101,240,310
360,"25/04/1987, 00.00.00","30/12/1899, 09.00.00",146,233,290
361,"24/05/1987, 00.00.00","30/12/1899, 16.00.00",152,235,325
362,"13/05/1987, 00.00.00","30/12/1899, 21.00.00",305,204,175
363,"24/05/1987, 00.00.00","30/12/1899, 20.30.00",137,245,365
364,"13/05/1987, 00.00.00","30/12/1899, 15.30.00",151,237,360
365,"10/05/1987, 00.00.00","30/12/1899, 21.00.00",106,240,385
367,"10/05/1987, 00.00.00","30/12/1899, 20.30.00",303,201,155
368,"11/05/1987, 00.00.00",,129,242,305
369,"11/06/1987, 00.00.00","30/12/1899, 10.30.00",3,246,352
370,"25/05/1987, 00.00.00","30/12/1899, 15.45.00",132,239,342
371,"28/05/1987, 00.00.00","30/12/1899, 15.00.00",126,246,335
372,"15/07/1987, 00.00.00","30/12/1899, 19.45.00",289,200,150
373,"26/04/1987, 00.00.00","30/12/1899, 20.00.00",147,232,295
374,"28/04/1987, 00.00.00","30/12/1899, 20.15.00",149,232,275
375,"13/05/1987, 00.00.00",,304,209,152
376,"26/05/1987, 00.00.00","30/12/1899, 20.30.00",97,240,310
377,"25/05/1987, 00.00.00","30/12/1899, 13.45.00",153,247,355
378,"27/04/1987, 00.00.00","30/12/1899, 16.30.00",99,247,305
380,"29/04/1987, 00.00.00",,302,198,148
381,"24/04/1987, 00.00.00","30/12/1899, 19.45.00",148,240,290
382,"24/04/1987, 00.00.00","30/12/1899, 09.30.00",300,200,150
383,"27/05/1987, 00.00.00","30/12/1899, 11.45.00",81,236,312
384,"23/04/1987, 00.00.00","30/12/1899, 20.30.00",299,197,144
385,"12/05/1987, 00.00.00",,118,236,285
386,"05/05/1986, 00.00.00","30/12/1899, 19.10.00",288,200,169
387,"05/07/1986, 00.00.00","30/12/1899, 09.30.00",2,242,280
388,"20/05/1986, 00.00.00","30/12/1899, 16.00.00",101,241,320
389,"01/07/1986, 00.00.00","30/12/1899, 11.30.00",357,240,330
390,"20/04/1986, 00.00.00","30/12/1899, 10.00.00",358,202,160
391,"29/05/1986, 00.00.00","30/12/1899, 17.00.00",139,242,345
392,"19/04/1986, 00.00.00","30/12/1899, 17.00.00",289,204,175
393,"21/04/1986, 00.00.00",,143,235,315
394,"28/05/1986, 00.00.00","30/12/1899, 16.45.00",136,236,332
395,"20/04/1986, 00.00.00",,114,246,335
396,"27/05/1986, 00.00.00","30/12/1899, 16.30.00",133,238,310
397,"20/05/1986, 00.00.00","30/12/1899, 14.00.00",132,236,340
398,"20/05/1986, 00.00.00","30/12/1899, 12.30.00",131,237,337
399,"28/05/1986, 00.00.00","30/12/1899, 10.30.00",134,232,330
400,"06/07/1986, 00.00.00","30/12/1899, 20.00.00",359,199,145
401,"28/05/1986, 00.00.00",,135,233,300
402,"06/07/1986, 00.00.00","30/12/1899, 10.00.00",3,244,340
403,"03/07/1986, 00.00.00","30/12/1899, 09.00.00",106,240,315
404,"29/05/1986, 00.00.00",,97,238,305
405,"29/05/1986, 00.00.00",,99,247,320
406,"17/05/1986, 00.00.00",,298,204,168
407,"27/05/1986, 00.00.00","30/12/1899, 12.00.00",81,236,277
411,"06/05/1986, 00.00.00","30/12/1899, 09.00.00",125,239,305
412,"23/04/1986, 00.00.00","30/12/1899, 20.00.00",118,234,290
413,"18/05/1986, 00.00.00","30/12/1899, 09.30.00",271,203,160
414,"06/05/1986, 00.00.00",,129,239,275
415,"22/04/1986, 00.00.00","30/12/1899, 13.00.00",290,202,160
416,"29/05/1986, 00.00.00","30/12/1899, 09.30.00",141,232,340
417,"18/05/1986, 00.00.00","30/12/1899, 12.00.00",113,239,298
418,"19/05/1986, 00.00.00","30/12/1899, 10.00.00",130,241,250
419,"28/05/1986, 00.00.00",,137,238,340
420,"29/05/1986, 00.00.00",,140,235,310
421,"24/05/1984, 00.00.00","30/12/1899, 15.15.00",108,239,335
422,"10/06/1984, 00.00.00","30/12/1899, 14.45.00",68,243,288
423,"10/06/1984, 00.00.00","30/12/1899, 16.35.00",110,235,325
424,"27/04/1984, 00.00.00","30/12/1899, 19.00.00",103,224,
425,"18/05/1984, 00.00.00","30/12/1899, 19.00.00",103,228,315
426,"24/05/1984, 00.00.00","30/12/1899, 12.00.00",85,240,350
428,"24/05/1984, 00.00.00","30/12/1899, 10.00.00",107,237,340
429,"18/05/1984, 00.00.00","30/12/1899, 15.30.00",104,238,340
430,"20/05/1984, 00.00.00","30/12/1899, 16.30.00",56,242,330
431,"09/07/1984, 00.00.00","30/12/1899, 08.00.00",43,242,310
432,"20/05/1984, 00.00.00","30/12/1899, 13.30.00",105,,338
433,"20/05/1984, 00.00.00","30/12/1899, 14.00.00",93,236,350
434,"20/05/1984, 00.00.00","30/12/1899, 10.30.00",63,245,362
435,"24/04/1984, 00.00.00",,100,242,
436,"08/06/1984, 00.00.00","30/12/1899, 16.45.00",109,242,300
437,"08/05/1984, 00.00.00","30/12/1899, 09.00.00",274,203,160
438,"10/05/1984, 00.00.00","30/12/1899, 13.00.00",90,241,330
439,"23/04/1984, 00.00.00","30/12/1899, 09.15.00",273,209,
440,"07/05/1984, 00.00.00","30/12/1899, 09.00.00",100,240,290
441,"24/05/1984, 00.00.00","30/12/1899, 19.30.00",76,238,290
442,"08/05/1984, 00.00.00","30/12/1899, 10.00.00",275,206,145
443,"10/07/1984, 00.00.00","30/12/1899, 18.30.00",91,241,300
444,"10/05/1984, 00.00.00","30/12/1899, 23.00.00",111,237,342
445,"21/05/1984, 00.00.00",,106,238,355
446,"21/05/1984, 00.00.00","30/12/1899, 14.45.00",74,233,365
447,"12/06/1984, 00.00.00","30/12/1899, 16.00.00",99,239,285
448,"18/05/1984, 00.00.00","30/12/1899, 13.30.00",81,236,340
449,"09/05/1984, 00.00.00","30/12/1899, 16.30.00",276,202,150
450,"18/05/1984, 00.00.00","30/12/1899, 12.15.00",95,236,348
451,"25/06/1984, 00.00.00","30/12/1899, 18.30.00",360,237,300
453,"24/04/1985, 00.00.00","30/12/1899, 10.00.00",113,,370
454,"22/04/1985, 00.00.00","30/12/1899, 20.00.00",109,241,282
455,"23/04/1985, 00.00.00","30/12/1899, 19.00.00",97,237,270
456,"06/06/1985, 00.00.00","30/12/1899, 09.30.00",124,244,312
457,"06/06/1985, 00.00.00","30/12/1899, 10.30.00",115,232,322
458,"14/07/1985, 00.00.00",,288,199,145
459,"20/05/1985, 00.00.00","30/12/1899, 19.30.00",106,239,380
460,"20/05/1985, 00.00.00","30/12/1899, 11.00.00",98,243,322
461,"09/05/1985, 00.00.00","30/12/1899, 17.00.00",272,205,150
462,"19/05/1985, 00.00.00","30/12/1899, 20.30.00",99,244,340
463,"07/05/1985, 00.00.00","30/12/1899, 17.00.00",118,234,310
464,"09/05/1985, 00.00.00","30/12/1899, 16.00.00",118,,270
465,"06/06/1985, 00.00.00","30/12/1899, 14.30.00",125,238,382
466,"23/05/1985, 00.00.00","30/12/1899, 20.00.00",360,239,350
467,"22/05/1985, 00.00.00","30/12/1899, 11.30.00",43,240,330
468,"26/04/1985, 00.00.00","30/12/1899, 09.00.00",277,199,142
469,"13/07/1985, 00.00.00","30/12/1899, 09.00.00",56,240,273
470,"20/05/1985, 00.00.00",,104,239,355
471,"14/07/1985, 00.00.00","30/12/1899, 18.30.00",128,226,318
472,"22/05/1985, 00.00.00","30/12/1899, 14.00.00",121,239,340
473,"26/04/1985, 00.00.00",,285,199,140
474,"06/05/1985, 00.00.00",,285,198,150
475,"13/07/1985, 00.00.00","30/12/1899, 20.00.00",127,232,
476,"26/04/1985, 00.00.00",,117,238,310
477,"23/05/1985, 00.00.00","30/12/1899, 17.00.00",123,236,355
478,"22/05/1985, 00.00.00","30/12/1899, 09.30.00",120,235,300
479,"23/05/1985, 00.00.00","30/12/1899, 12.00.00",122,242,355
480,"21/05/1985, 00.00.00","30/12/1899, 15.30.00",119,244,320
481,"21/05/1985, 00.00.00","30/12/1899, 14.30.00",286,205,154
482,"25/05/1983, 00.00.00",,92,232,320
483,"29/04/1983, 00.00.00",,80,238,340
484,"26/05/1983, 00.00.00","30/12/1899, 10.00.00",38,241,370
485,"23/05/1983, 00.00.00","30/12/1899, 17.00.00",56,242,312
486,"23/05/1983, 00.00.00","30/12/1899, 14.45.00",43,240,335
487,"05/06/1983, 00.00.00",,94,230,335
488,"23/05/1983, 00.00.00","30/12/1899, 21.00.00",90,241,355
489,"07/05/1983, 00.00.00","30/12/1899, 10.00.00",88,,370
490,"25/04/1983, 00.00.00",,76,239,280
491,"24/05/1983, 00.00.00","30/12/1899, 11.00.00",91,239,320
492,"05/06/1983, 00.00.00","30/12/1899, 17.30.00",93,239,350
493,"07/06/1983, 00.00.00","30/12/1899, 20.00.00",96,237,298
494,"06/06/1983, 00.00.00","30/12/1899, 10.35.00",74,235,322
495,"24/05/1983, 00.00.00","30/12/1899, 12.15.00",82,240,350
496,"27/04/1983, 00.00.00","30/12/1899, 09.30.00",81,237,290
497,"26/04/1983, 00.00.00","30/12/1899, 18.30.00",268,203,160
498,"28/04/1983, 00.00.00","30/12/1899, 16.00.00",87,235,307
500,"05/06/1983, 00.00.00","30/12/1899, 09.00.00",95,232,355
501,"05/05/1983, 00.00.00","30/12/1899, 18.30.00",271,200,161
502,"26/05/1983, 00.00.00","30/12/1899, 12.00.00",87,234,307
503,"10/07/1983, 00.00.00","30/12/1899, 09.15.00",81,237,280
504,"09/07/1983, 00.00.00","30/12/1899, 20.30.00",102,234,320
505,"08/05/1983, 00.00.00","30/12/1899, 19.00.00",89,237,330
506,"22/05/1983, 00.00.00","30/12/1899, 19.15.00",63,241,360
507,"11/04/1982, 00.00.00",,361,235,
508,"31/05/1982, 00.00.00","30/12/1899, 11.00.00",361,236,285
509,"23/05/1982, 00.00.00","30/12/1899, 12.15.00",44,234,307
510,"31/05/1982, 00.00.00","30/12/1899, 09.15.00",85,240,352
511,"13/04/1982, 00.00.00",,38,242,
512,"02/06/1982, 00.00.00","30/12/1899, 14.52.00",56,243,320
513,"23/05/1982, 00.00.00","30/12/1899, 20.15.00",71,242,351
514,"31/05/1982, 00.00.00","30/12/1899, 12.45.00",86,233,309
515,"30/06/1982, 00.00.00","30/12/1899, 09.30.00",45,234,285
516,"02/06/1982, 00.00.00","30/12/1899, 09.15.00",55,244,330
517,"22/05/1982, 00.00.00","30/12/1899, 17.30.00",83,,328
518,"22/05/1982, 00.00.00","30/12/1899, 15.00.00",78,244,330
519,"23/05/1982, 00.00.00","30/12/1899, 15.15.00",84,245,342
520,"01/06/1982, 00.00.00","30/12/1899, 16.00.00",62,232,325
521,"11/04/1982, 00.00.00","30/12/1899, 19.00.00",80,236,
522,"31/05/1982, 00.00.00","30/12/1899, 16.30.00",7,230,307
523,"03/06/1982, 00.00.00","30/12/1899, 10.30.00",63,242,337
524,"30/05/1982, 00.00.00","30/12/1899, 20.15.00",70,,322
525,"31/05/1982, 00.00.00","30/12/1899, 20.00.00",37,239,340
526,"13/05/1982, 00.00.00","30/12/1899, 11.00.00",74,233,300
527,"03/06/1982, 00.00.00","30/12/1899, 09.00.00",87,231,316
528,"14/05/1982, 00.00.00","30/12/1899, 13.00.00",81,239,335
529,"22/05/1982, 00.00.00","30/12/1899, 10.00.00",82,,345
530,"12/07/1982, 00.00.00","30/12/1899, 20.00.00",362,238,270
531,"25/05/1981, 00.00.00","30/12/1899, 10.30.00",53,247,320
532,"13/05/1981, 00.00.00","30/12/1899, 15.00.00",54,233,355
533,"29/06/1981, 00.00.00","30/12/1899, 09.00.00",56,240,
534,"25/05/1981, 00.00.00",,41,239,340
535,"29/06/1981, 00.00.00","30/12/1899, 18.06.00",71,236,310
536,"29/05/1981, 00.00.00",,79,224,306
537,"26/05/1981, 00.00.00","30/12/1899, 12.30.00",39,235,341
538,"26/05/1981, 00.00.00","30/12/1899, 14.00.00",45,235,305
539,"26/05/1981, 00.00.00","30/12/1899, 11.30.00",77,240,318
540,"29/05/1981, 00.00.00","30/12/1899, 14.30.00",62,232,343
541,"08/06/1981, 00.00.00","30/12/1899, 18.00.00",7,229,320
542,"29/05/1981, 00.00.00","30/12/1899, 12.00.00",63,241,329
543,"29/05/1981, 00.00.00","30/12/1899, 16.30.00",78,242,295
544,"29/05/1981, 00.00.00","30/12/1899, 16.30.00",55,242,345
545,"26/05/1981, 00.00.00",,76,234,290
546,"09/06/1981, 00.00.00","30/12/1899, 10.30.00",37,243,323
547,"29/05/1981, 00.00.00","30/12/1899, 10.00.00",59,237,316
548,"14/05/1981, 00.00.00","30/12/1899, 10.15.00",34,246,330
549,"25/05/1981, 00.00.00","30/12/1899, 16.00.00",75,231,334
550,"04/06/1981, 00.00.00","30/12/1899, 20.00.00",363,244,345
551,"07/06/1981, 00.00.00","30/12/1899, 19.00.00",364,232,340
552,"27/05/1981, 00.00.00","30/12/1899, 17.30.00",365,233,340
553,"28/05/1981, 00.00.00","30/12/1899, 19.00.00",366,234,364
554,"28/05/1981, 00.00.00","30/12/1899, 14.00.00",367,238,319
555,"28/05/1981, 00.00.00","30/12/1899, 15.30.00",368,231,290
556,"27/05/1981, 00.00.00","30/12/1899, 14.30.00",369,244,306
557,"27/05/1981, 00.00.00","30/12/1899, 21.00.00",370,233,328
558,"02/07/1981, 00.00.00",,371,242,
559,"28/05/1981, 00.00.00","30/12/1899, 10.30.00",372,242,303
560,"27/05/1981, 00.00.00","30/12/1899, 14.00.00",373,235,360
561,"06/06/1981, 00.00.00","30/12/1899, 15.00.00",374,236,315
562,"28/05/1981, 00.00.00","30/12/1899, 12.00.00",375,235,355
563,"06/06/1981, 00.00.00","30/12/1899, 09.30.00",376,234,335
564,"07/06/1981, 00.00.00","30/12/1899, 13.30.00",377,232,295
565,"21/05/1980, 00.00.00","30/12/1899, 12.30.00",44,232,309
566,"26/05/1980, 00.00.00","30/12/1899, 15.53.00",53,247,
567,"25/05/1980, 00.00.00","30/12/1899, 16.10.00",38,238,335
568,"25/05/1980, 00.00.00",,52,229,
569,"30/05/1980, 00.00.00","30/12/1899, 10.30.00",73,244,383
570,"17/05/1980, 00.00.00","30/12/1899, 09.30.00",41,243,344
571,"21/05/1980, 00.00.00","30/12/1899, 14.15.00",71,238,358
572,"22/05/1980, 00.00.00","30/12/1899, 17.45.00",72,232,334
573,"29/04/1980, 00.00.00","30/12/1899, 11.35.00",267,201,157
574,"29/04/1980, 00.00.00","30/12/1899, 11.35.00",33,235,312
575,"28/04/1980, 00.00.00","30/12/1899, 18.45.00",70,241,306
576,"22/04/1980, 00.00.00","30/12/1899, 18.45.00",51,238,298
577,"22/04/1980, 00.00.00","30/12/1899, 12.20.00",270,201,155
578,"25/04/1980, 00.00.00","30/12/1899, 12.25.00",7,232,308
579,"23/04/1980, 00.00.00","30/12/1899, 09.30.00",63,242,315
580,"21/04/1980, 00.00.00","30/12/1899, 10.10.00",31,241,293
581,"24/04/1980, 00.00.00","30/12/1899, 09.30.00",68,234,257
582,"21/05/1980, 00.00.00","30/12/1899, 19.15.00",10,240,367
583,"22/05/1980, 00.00.00","30/12/1899, 11.00.00",42,241,313
584,"22/04/1980, 00.00.00","30/12/1899, 09.25.00",269,199,160
585,"23/04/1980, 00.00.00","30/12/1899, 17.00.00",67,240,319
586,"21/05/1980, 00.00.00","30/12/1899, 17.30.00",67,239,359
587,"06/06/1980, 00.00.00","30/12/1899, 11.45.00",34,246,316
588,"25/04/1980, 00.00.00","30/12/1899, 12.00.00",69,236,285
589,"16/06/1980, 00.00.00","30/12/1899, 13.00.00",379,230,290
591,"19/06/1980, 00.00.00","30/12/1899, 12.00.00",380,231,316
592,"17/06/1980, 00.00.00",,381,240,312
593,"16/06/1980, 00.00.00","30/12/1899, 15.20.00",382,232,290
594,"29/05/1980, 00.00.00","30/12/1899, 15.45.00",383,238,385
595,"15/05/1980, 00.00.00","30/12/1899, 20.20.00",384,201,147
596,"29/05/1980, 00.00.00","30/12/1899, 11.30.00",385,237,301
597,"14/05/1980, 00.00.00",,386,205,138
598,"15/05/1980, 00.00.00",,387,235,276
599,"12/05/1980, 00.00.00","30/12/1899, 20.10.00",388,146,201
600,"14/05/1980, 00.00.00","30/12/1899, 19.45.00",389,237,339
601,"26/06/1979, 00.00.00","30/12/1899, 16.00.00",390,236,300
602,"05/05/1979, 00.00.00","30/12/1899, 11.00.00",391,240,265
603,"04/05/1979, 00.00.00","30/12/1899, 18.00.00",392,236,308
604,"04/05/1979, 00.00.00",,393,197,150
605,"05/05/1979, 00.00.00",,394,241,315
607,"06/05/1979, 00.00.00","30/12/1899, 11.30.00",395,241,295
608,"15/06/1979, 00.00.00",,395,241,309
609,"24/05/1979, 00.00.00","30/12/1899, 11.00.00",44,236,280
610,"08/06/1979, 00.00.00","30/12/1899, 11.30.00",49,238,290
611,"04/06/1979, 00.00.00","30/12/1899, 12.30.00",23,231,280
612,"04/06/1979, 00.00.00","30/12/1899, 14.00.00",46,245,364
613,"24/05/1979, 00.00.00","30/12/1899, 20.30.00",45,239,320
614,"06/07/1979, 00.00.00",,396,220,230
616,"11/05/1979, 00.00.00","30/12/1899, 15.00.00",398,235,350
618,"08/06/1979, 00.00.00","30/12/1899, 15.00.00",50,243,330
619,"27/06/1979, 00.00.00","30/12/1899, 14.30.00",33,234,292
620,"18/05/1979, 00.00.00","30/12/1899, 13.00.00",43,242,320
621,"16/05/1979, 00.00.00","30/12/1899, 16.00.00",399,205,150
622,"24/05/1979, 00.00.00","30/12/1899, 13.30.00",31,243,350
624,"07/06/1979, 00.00.00",,37,241,340
625,"04/06/1979, 00.00.00","30/12/1899, 17.00.00",47,235,320
626,"24/05/1979, 00.00.00","30/12/1899, 15.30.00",42,240,335
627,"24/05/1979, 00.00.00","30/12/1899, 17.00.00",13,238,302
628,"10/05/1979, 00.00.00","30/12/1899, 20.00.00",400,208,155
629,"07/06/1979, 00.00.00","30/12/1899, 15.30.00",48,235,330
630,"25/05/1979, 00.00.00","30/12/1899, 09.30.00",17,242,385
631,"18/05/1979, 00.00.00","30/12/1899, 14.30.00",63,243,335
632,"28/05/1978, 00.00.00",,401,233,310
633,"01/06/1978, 00.00.00","30/12/1899, 12.30.00",36,231,300
634,"28/05/1978, 00.00.00","30/12/1899, 16.30.00",14,236,320
635,"23/05/1978, 00.00.00","30/12/1899, 15.00.00",20,237,310
636,"28/05/1978, 00.00.00","30/12/1899, 15.00.00",23,232,
637,"01/06/1978, 00.00.00",,41,239,348
638,"22/05/1978, 00.00.00",,17,246,355
639,"29/05/1978, 00.00.00","30/12/1899, 16.00.00",62,234,340
640,"14/06/1978, 00.00.00","30/12/1899, 14.30.00",64,238,290
641,"22/05/1978, 00.00.00","30/12/1899, 20.30.00",33,232,325
642,"26/05/1978, 00.00.00","30/12/1899, 19.30.00",40,234,330
643,"22/05/1978, 00.00.00","30/12/1899, 15.00.00",35,230,345
644,"26/05/1978, 00.00.00","30/12/1899, 16.00.00",31,243,375
645,"23/05/1978, 00.00.00","30/12/1899, 07.30.00",58,233,330
646,"23/05/1978, 00.00.00","30/12/1899, 08.30.00",10,241,370
647,"26/05/1978, 00.00.00","30/12/1899, 18.00.00",59,241,335
648,"14/06/1978, 00.00.00","30/12/1899, 18.00.00",65,229,265
649,"23/05/1978, 00.00.00","30/12/1899, 12.00.00",37,244,
650,"19/05/1978, 00.00.00","30/12/1899, 21.00.00",42,237,337
651,"22/05/1978, 00.00.00","30/12/1899, 16.30.00",13,236,300
652,"29/05/1978, 00.00.00","30/12/1899, 08.00.00",61,,362
653,"12/05/1978, 00.00.00","30/12/1899, 13.00.00",11,251,352
654,"15/06/1978, 00.00.00","30/12/1899, 17.30.00",34,240,315
655,"01/06/1978, 00.00.00","30/12/1899, 18.00.00",63,239,300
656,"14/06/1978, 00.00.00","30/12/1899, 20.00.00",7,229,240
657,"14/06/1978, 00.00.00","30/12/1899, 09.45.00",66,239,307
658,"08/06/1977, 00.00.00","30/12/1899, 13.00.00",402,236,310
659,"06/06/1977, 00.00.00",,403,142,196
660,"24/06/1977, 00.00.00",,404,234,298
661,"04/05/1977, 00.00.00","30/12/1899, 11.00.00",405,239,335
662,"04/05/1977, 00.00.00","30/12/1899, 17.00.00",406,243,305
663,"26/06/1975, 00.00.00","30/12/1899, 11.00.00",5,230,295
664,"26/06/1975, 00.00.00","30/12/1899, 12.00.00",6,233,305
665,"26/06/1975, 00.00.00","30/12/1899, 14.00.00",7,226,315
666,"22/06/1975, 00.00.00","30/12/1899, 17.30.00",31,243,320
667,"26/06/1975, 00.00.00","30/12/1899, 18.00.00",9,239,345
668,"22/06/1975, 00.00.00","30/12/1899, 11.00.00",29,238,305
669,"22/06/1975, 00.00.00","30/12/1899, 12.00.00",30,236,360
670,"26/06/1975, 00.00.00","30/12/1899, 15.30.00",8,245,320
671,"24/06/1975, 00.00.00","30/12/1899, 14.00.00",24,234,295
672,"26/06/1975, 00.00.00","30/12/1899, 17.00.00",407,242,310
673,"26/06/1975, 00.00.00","30/12/1899, 16.00.00",408,241,340
674,"27/06/1975, 00.00.00","30/12/1899, 14.30.00",409,237,300
675,"26/06/1975, 00.00.00","30/12/1899, 17.00.00",410,248,320
676,"03/07/1975, 00.00.00","30/12/1899, 16.00.00",411,238,345
677,"09/06/1976, 00.00.00","30/12/1899, 16.30.00",16,239,324
678,"18/05/1976, 00.00.00","30/12/1899, 17.00.00",20,234,318
679,"05/06/1976, 00.00.00","30/12/1899, 12.00.00",14,240,357
680,"17/05/1976, 00.00.00","30/12/1899, 18.00.00",27,236,311
681,"12/06/1976, 00.00.00","30/12/1899, 13.00.00",412,143,198
683,"21/05/1976, 00.00.00",,22,238,331
684,"21/05/1976, 00.00.00","30/12/1899, 12.00.00",21,222,323
685,"17/05/1976, 00.00.00","30/12/1899, 13.00.00",17,242,364
686,"17/05/1976, 00.00.00",,6,232,295
687,"05/06/1976, 00.00.00","30/12/1899, 19.00.00",5,230,324
688,"17/05/1976, 00.00.00","30/12/1899, 15.00.00",18,237,330
689,"18/05/1976, 00.00.00","30/12/1899, 09.00.00",31,242,354
690,"18/05/1976, 00.00.00","30/12/1899, 11.00.00",19,240,317
691,"05/06/1976, 00.00.00","30/12/1899, 14.30.00",29,236,335
692,"22/05/1976, 00.00.00","30/12/1899, 13.00.00",13,237,298
693,"08/06/1976, 00.00.00","30/12/1899, 11.00.00",15,235,315
694,"22/05/1976, 00.00.00","30/12/1899, 10.00.00",4,246,347
695,"22/05/1976, 00.00.00","30/12/1899, 11.00.00",12,231,294
696,"05/06/1976, 00.00.00","30/12/1899, 16.00.00",410,251,322
697,"18/03/1976, 00.00.00",,402,233,310
698,"18/03/1976, 00.00.00",,413,235,275
699,"21/05/1976, 00.00.00","30/12/1899, 19.30.00",414,242,363
700,"03/05/1976, 00.00.00","30/12/1899, 15.30.00",415,203,165
701,"04/05/1976, 00.00.00","30/12/1899, 11.00.00",416,233,290
703,"12/06/1976, 00.00.00","30/12/1899, 11.00.00",417,233,320
704,"02/05/1976, 00.00.00","30/12/1899, 18.30.00",418,197,157
705,"03/05/1976, 00.00.00","30/12/1899, 15.00.00",419,237,325
706,"03/05/1976, 00.00.00","30/12/1899, 14.30.00",420,203,157
707,"03/05/1976, 00.00.00","30/12/1899, 14.30.00",421,237,360
708,"27/05/1976, 00.00.00","30/12/1899, 15.00.00",422,234,
709,"30/04/1977, 00.00.00","30/12/1899, 15.00.00",409,235,298
710,"16/06/1977, 00.00.00","30/12/1899, 12.00.00",423,230,310
711,"28/05/1977, 00.00.00","30/12/1899, 12.00.00",420,203,155
712,"28/05/1977, 00.00.00","30/12/1899, 14.30.00",421,236,
713,"06/05/1977, 00.00.00",,424,231,296
714,"04/05/1977, 00.00.00","30/12/1899, 16.00.00",411,233,305
715,"30/05/1977, 00.00.00","30/12/1899, 19.00.00",26,242,315
716,"30/05/1977, 00.00.00","30/12/1899, 19.30.00",425,243,330
717,"30/05/1977, 00.00.00","30/12/1899, 18.00.00",28,240,335
718,"08/06/1977, 00.00.00","30/12/1899, 14.30.00",36,229,285
719,"30/05/1977, 00.00.00","30/12/1899, 11.30.00",25,229,330
720,"05/07/1977, 00.00.00","30/12/1899, 19.40.00",41,235,304
721,"28/05/1977, 00.00.00","30/12/1899, 15.30.00",20,235,315
722,"17/05/1977, 00.00.00","30/12/1899, 16.20.00",426,199,170
723,"16/05/1977, 00.00.00","30/12/1899, 12.00.00",32,238,328
724,"16/05/1977, 00.00.00","30/12/1899, 13.15.00",33,234,322
725,"17/05/1977, 00.00.00","30/12/1899, 10.30.00",6,234,340
726,"29/05/1977, 00.00.00","30/12/1899, 10.30.00",17,244,280
727,"29/05/1977, 00.00.00","30/12/1899, 12.15.00",35,230,315
729,"28/05/1977, 00.00.00","30/12/1899, 18.00.00",31,241,352
730,"13/05/1977, 00.00.00","30/12/1899, 19.00.00",9,241,350
731,"28/05/1977, 00.00.00","30/12/1899, 20.45.00",34,238,305
732,"28/05/1977, 00.00.00","30/12/1899, 19.00.00",10,239,335
733,"22/05/1977, 00.00.00","30/12/1899, 15.00.00",19,233,325
734,"28/05/1977, 00.00.00",,29,233,335
735,"08/05/1977, 00.00.00","30/12/1899, 10.30.00",427,201,168
736,"16/05/1977, 00.00.00","30/12/1899, 16.30.00",13,235,325
737,"14/05/1977, 00.00.00","30/12/1899, 13.00.00",11,247,325
738,"19/06/1971, 00.00.00",,428,,152
741,"11/07/1971, 00.00.00",,432,,295
742,"03/07/1971, 00.00.00",,433,,272
743,"20/06/1971, 00.00.00",,434,,280
745,"03/07/1971, 00.00.00",,436,,142
746,"02/07/1971, 00.00.00",,437,,262
748,"24/07/1971, 00.00.00",,438,,158
749,"30/07/1971, 00.00.00",,439,,146
751,"14/07/1971, 00.00.00",,443,,290
752,"21/06/1971, 00.00.00",,444,,160
753,"08/07/1971, 00.00.00",,447,,300
754,"14/07/1971, 00.00.00",,448,,282
755,"04/07/1971, 00.00.00",,449,,300
756,"14/07/1971, 00.00.00",,450,,145
757,"10/07/1971, 00.00.00",,451,,272
758,"10/07/1971, 00.00.00",,452,,292
759,"10/07/1971, 00.00.00",,453,,302
760,"13/07/1971, 00.00.00",,459,,295
761,"15/07/1971, 00.00.00",,461,,280
762,"11/07/1971, 00.00.00",,462,,281
763,"12/07/1971, 00.00.00",,463,,315
764,"13/07/1971, 00.00.00",,464,,282
765,"18/07/1971, 00.00.00",,465,,292
766,"13/07/1971, 00.00.00",,466,,320
767,"11/07/1971, 00.00.00",,467,,275
768,"02/07/1971, 00.00.00",,468,,274
769,"11/07/1971, 00.00.00",,469,,285
770,"06/07/1972, 00.00.00",,429,,278
771,"06/07/1972, 00.00.00",,430,,285
772,"15/07/1972, 00.00.00",,430,,275
773,"13/07/1972, 00.00.00",,470,,145
776,"12/07/1972, 00.00.00",,472,,160
777,"14/07/1972, 00.00.00",,474,,315
778,"13/07/1972, 00.00.00",,475,,295
779,"13/07/1972, 00.00.00",,476,,300
780,"13/07/1972, 00.00.00",,477,,135
781,"13/07/1972, 00.00.00",,478,,275
782,"13/07/1972, 00.00.00",,479,,150
783,"11/07/1972, 00.00.00",,448,,260
784,"13/07/1972, 00.00.00",,480,,170
785,"11/07/1972, 00.00.00",,481,,160
786,"22/04/1972, 00.00.00",,482,,146
787,"27/05/1972, 00.00.00",,460,,312
788,"22/06/1972, 00.00.00",,462,,285
789,"22/04/1972, 00.00.00",,456,,342
790,"22/04/1972, 00.00.00",,454,,302
791,"20/07/1972, 00.00.00",,483,,150
792,"26/04/1972, 00.00.00",,463,,325
793,"21/07/1972, 00.00.00",,484,,153
794,"27/04/1972, 00.00.00",,485,,330
796,"03/07/1972, 00.00.00",,486,,300
797,"27/04/1972, 00.00.00",,454,,285
798,"06/07/1972, 00.00.00",,487,,320
799,"07/07/1972, 00.00.00",,488,,170
800,"01/05/1973, 00.00.00",,489,241,332
801,"28/04/1973, 00.00.00",,490,225,305
802,"28/04/1973, 00.00.00",,435,234,310
803,"29/04/1973, 00.00.00",,491,198,155
804,"27/04/1973, 00.00.00",,450,199,180
805,"10/07/1973, 00.00.00",,475,235,
806,"03/07/1973, 00.00.00",,494,,255
807,"06/07/1973, 00.00.00",,444,,146
808,"02/07/1973, 00.00.00",,495,,321
810,"03/07/1973, 00.00.00",,497,,135
811,"28/04/1973, 00.00.00",,498,235,305
812,"29/04/1973, 00.00.00",,499,200,150
813,"03/07/1973, 00.00.00",,500,,310
814,"29/04/1973, 00.00.00",,501,202,158
815,"27/04/1973, 00.00.00",,502,241,372
816,"28/04/1973, 00.00.00",,503,204,160
817,"02/05/1973, 00.00.00",,504,240,331
818,"03/05/1973, 00.00.00",,505,204,155
820,"10/05/1973, 00.00.00",,506,237,362
821,"09/05/1973, 00.00.00",,507,191,155
822,"11/05/1973, 00.00.00",,467,233,290
823,"02/05/1973, 00.00.00",,508,228,287
824,"03/05/1973, 00.00.00",,509,198,158
825,"10/05/1973, 00.00.00",,459,230,300
826,"13/05/1973, 00.00.00",,459,,310
827,"10/07/1973, 00.00.00",,510,201,
829,"11/05/1973, 00.00.00",,463,233,300
830,"14/05/1973, 00.00.00",,511,205,155
4,"25/04/1997, 00.00.00","30/12/1899, 18.50.00",241,230,250
9,"25/05/1997, 00.00.00",,265,233,385
12,"03/07/1997, 00.00.00","30/12/1899, 19.00.00",340,200,140
13,"04/07/1997, 00.00.00",,235,240,260
14,"24/04/1997, 00.00.00",,349,206,160
16,"23/05/1997, 00.00.00","30/12/1899, 12.00.00",259,240,345
17,"25/05/1997, 00.00.00",,245,243,328
18,"23/04/1997, 00.00.00","30/12/1899, 18.40.00",261,233,305
19,"21/04/1997, 00.00.00","30/12/1899, 18.50.00",346,199,150
20,"27/04/1997, 00.00.00","30/12/1899, 12.25.00",262,238,270
21,"23/05/1997, 00.00.00","30/12/1899, 19.30.00",164,234,325
24,"21/04/1997, 00.00.00","30/12/1899, 09.45.00",338,204,155
25,"23/05/1997, 00.00.00","30/12/1899, 20.45.00",198,233,345
26,"24/05/1997, 00.00.00","30/12/1899, 18.15.00",264,240,320
27,"23/04/1997, 00.00.00",,348,205,155
28,"25/04/1997, 00.00.00","30/12/1899, 19.30.00",256,240,310
29,"03/07/1997, 00.00.00",,266,228,265
30,"23/05/1997, 00.00.00","30/12/1899, 14.30.00",263,237,330
31,"23/04/1997, 00.00.00","30/12/1899, 09.30.00",255,240,250
32,"23/05/1997, 00.00.00","30/12/1899, 19.00.00",247,239,345
33,"23/05/1997, 00.00.00",,253,241,305
34,"25/05/1997, 00.00.00","30/12/1899, 17.00.00",258,248,350
35,"22/04/1997, 00.00.00","30/12/1899, 20.00.00",347,201,145
36,"23/04/1997, 00.00.00","30/12/1899, 10.45.00",257,243,320
40,"03/06/1996, 00.00.00",,344,196,145
41,"28/04/1996, 00.00.00",,241,235,300
42,"26/04/1996, 00.00.00",,254,250,360
43,"25/05/1996, 00.00.00","30/12/1899, 17.15.00",181,235,335
44,"26/05/1996, 00.00.00",,343,,151
46,"26/05/1996, 00.00.00","30/12/1899, 09.30.00",245,244,350
47,"11/07/1996, 00.00.00","30/12/1899, 09.30.00",345,208,140
48,"12/07/1996, 00.00.00",,260,242,260
49,"19/05/1996, 00.00.00","30/12/1899, 11.00.00",256,241,310
50,"27/04/1996, 00.00.00",,231,240,385
51,"23/04/1996, 00.00.00","30/12/1899, 09.00.00",198,234,300
52,"28/04/1996, 00.00.00",,164,238,292
53,"25/04/1996, 00.00.00",,335,201,155
54,"19/05/1996, 00.00.00","30/12/1899, 10.00.00",195,242,300
55,"31/05/1996, 00.00.00","30/12/1899, 15.00.00",244,242,325
56,"25/05/1996, 00.00.00","30/12/1899, 14.45.00",248,246,325
57,"28/04/1996, 00.00.00","30/12/1899, 18.15.00",242,,280
58,"27/04/1996, 00.00.00",,339,,144
59,"29/04/1996, 00.00.00","30/12/1899, 16.45.00",255,238,280
60,"25/04/1996, 00.00.00",,223,240,295
61,"25/04/1996, 00.00.00","30/12/1899, 10.30.00",253,238,
62,"25/04/1996, 00.00.00","30/12/1899, 09.30.00",342,200,145
63,"20/05/1996, 00.00.00",,257,238,285
64,"21/05/1996, 00.00.00","30/12/1899, 19.00.00",258,237,335
67,"29/05/1995, 00.00.00","30/12/1899, 14.30.00",240,239,335
68,"27/04/1995, 00.00.00","30/12/1899, 09.20.00",214,243,
69,"26/05/1995, 00.00.00",,249,233,355
70,"29/05/1995, 00.00.00","30/12/1899, 11.30.00",251,246,345
71,"27/04/1995, 00.00.00","30/12/1899, 10.00.00",330,206,155
72,"26/05/1995, 00.00.00","30/12/1899, 13.45.00",229,239,372
75,"25/05/1995, 00.00.00","30/12/1899, 20.45.00",181,240,350
76,"28/05/1995, 00.00.00","30/12/1899, 11.45.00",250,,325
77,"18/05/1995, 00.00.00","30/12/1899, 09.30.00",164,236,304
78,"27/04/1995, 00.00.00","30/12/1899, 14.00.00",338,205,172
79,"28/04/1995, 00.00.00","30/12/1899, 20.30.00",243,229,320
80,"30/04/1995, 00.00.00","30/12/1899, 16.00.00",246,233,270
81,"31/05/1995, 00.00.00","30/12/1899, 13.50.00",197,233,314
82,"29/04/1995, 00.00.00","30/12/1899, 10.55.00",231,236,325
83,"30/04/1995, 00.00.00","30/12/1899, 12.30.00",245,242,330
84,"02/05/1995, 00.00.00","30/12/1899, 08.45.00",341,210,144
85,"28/04/1995, 00.00.00",,332,203,148
86,"27/04/1995, 00.00.00","30/12/1899, 10.15.00",195,239,300
87,"30/04/1995, 00.00.00","30/12/1899, 08.20.00",244,237,294
88,"02/05/1995, 00.00.00","30/12/1899, 09.50.00",324,193,139
89,"16/05/1995, 00.00.00","30/12/1899, 20.30.00",329,201,150
90,"24/05/1995, 00.00.00","30/12/1899, 16.30.00",248,239,348
91,"15/05/1995, 00.00.00","30/12/1899, 20.30.00",339,205,145
92,"24/05/1995, 00.00.00","30/12/1899, 13.30.00",247,239,339
93,"27/04/1995, 00.00.00","30/12/1899, 13.30.00",333,206,162
94,"26/04/1995, 00.00.00","30/12/1899, 09.15.00",223,236,306
95,"29/04/1995, 00.00.00","30/12/1899, 11.55.00",337,200,154
96,"26/04/1995, 00.00.00","30/12/1899, 10.00.00",230,232,269
97,"31/05/1994, 00.00.00","30/12/1899, 13.30.00",240,,320
98,"01/05/1994, 00.00.00","30/12/1899, 09.30.00",214,243,300
99,"02/05/1994, 00.00.00","30/12/1899, 10.00.00",336,204,145
100,"29/04/1994, 00.00.00",,239,237,315
101,"02/05/1994, 00.00.00","30/12/1899, 18.45.00",235,238,356
102,"01/05/1994, 00.00.00","30/12/1899, 09.00.00",168,233,332
103,"03/05/1994, 00.00.00","30/12/1899, 18.15.00",236,239,288
104,"03/05/1994, 00.00.00","30/12/1899, 10.00.00",316,198,125
105,"03/05/1994, 00.00.00","30/12/1899, 19.00.00",237,240,310
106,"03/07/1994, 00.00.00",,216,240,285
107,"03/07/1994, 00.00.00","30/12/1899, 17.30.00",181,237,305
108,"02/05/1994, 00.00.00",,234,234,
109,"01/05/1994, 00.00.00","30/12/1899, 10.30.00",233,241,300
111,"03/05/1994, 00.00.00",,184,230,295
112,"28/04/1994, 00.00.00","30/12/1899, 11.30.00",335,200,150
113,"29/04/1994, 00.00.00","30/12/1899, 20.00.00",352,236,265
115,"31/05/1994, 00.00.00","30/12/1899, 17.00.00",200,,307
116,"01/05/1994, 00.00.00","30/12/1899, 11.10.00",170,233,248
117,"27/05/1994, 00.00.00","30/12/1899, 09.10.00",238,234,330
118,"29/04/1994, 00.00.00","30/12/1899, 09.45.00",232,243,314
119,"29/04/1994, 00.00.00","30/12/1899, 19.30.00",226,240,
120,"01/05/1994, 00.00.00","30/12/1899, 12.10.00",350,199,146
121,"25/04/1994, 00.00.00","30/12/1899, 08.40.00",333,206,170
122,"26/04/1994, 00.00.00","30/12/1899, 08.45.00",223,235,320
123,"27/04/1994, 00.00.00","30/12/1899, 16.30.00",334,198,140
124,"30/04/1994, 00.00.00","30/12/1899, 09.50.00",199,226,268
125,"02/07/1994, 00.00.00","30/12/1899, 09.30.00",230,230,230
126,"01/07/1994, 00.00.00","30/12/1899, 10.00.00",334,196,135
127,"26/04/1994, 00.00.00",,164,235,282
128,"28/04/1994, 00.00.00","30/12/1899, 09.45.00",306,203,155
129,"26/04/1994, 00.00.00","30/12/1899, 10.15.00",198,236,315
130,"28/04/1994, 00.00.00","30/12/1899, 08.30.00",231,235,320
131,"28/04/1994, 00.00.00","30/12/1899, 18.30.00",331,198,140
132,"26/04/1994, 00.00.00","30/12/1899, 10.00.00",353,238,305
133,"05/06/1993, 00.00.00","30/12/1899, 10.30.00",278,204,170
134,"05/06/1993, 00.00.00","30/12/1899, 12.00.00",229,238,330
135,"04/06/1993, 00.00.00","30/12/1899, 20.45.00",213,230,330
136,"01/05/1993, 00.00.00","30/12/1899, 17.45.00",195,242,295
137,"29/05/1993, 00.00.00","30/12/1899, 12.15.00",227,234,320
138,"25/04/1993, 00.00.00","30/12/1899, 16.00.00",168,235,
139,"25/05/1993, 00.00.00","30/12/1899, 12.45.00",165,240,325
140,"27/04/1993, 00.00.00","30/12/1899, 09.30.00",214,241,313
141,"24/04/1993, 00.00.00","30/12/1899, 16.00.00",224,233,327
142,"23/04/1993, 00.00.00","30/12/1899, 20.30.00",169,239,335
143,"24/05/1993, 00.00.00",,218,244,360
144,"23/04/1993, 00.00.00",,164,234,318
145,"04/06/1993, 00.00.00","30/12/1899, 15.00.00",202,240,325
146,"30/04/1993, 00.00.00","30/12/1899, 18.30.00",323,192,140
147,"26/04/1993, 00.00.00",,327,202,141
149,"27/04/1993, 00.00.00","30/12/1899, 20.30.00",210,231,300
150,"24/04/1993, 00.00.00","30/12/1899, 18.15.00",326,204,145
151,"29/04/1993, 00.00.00",,326,,152
153,"01/05/1993, 00.00.00","30/12/1899, 11.30.00",200,232,275
155,"27/04/1993, 00.00.00","30/12/1899, 14.00.00",354,200,129
156,"26/04/1993, 00.00.00","30/12/1899, 12.30.00",325,193,138
157,"26/04/1993, 00.00.00","30/12/1899, 20.15.00",225,234,282
158,"28/04/1993, 00.00.00","30/12/1899, 10.00.00",212,241,323
159,"06/07/1993, 00.00.00","30/12/1899, 12.45.00",324,203,134
160,"25/04/1993, 00.00.00","30/12/1899, 09.50.00",328,,150
161,"23/05/1993, 00.00.00","30/12/1899, 17.00.00",170,232,
162,"26/05/1993, 00.00.00","30/12/1899, 10.50.00",126,247,360
163,"26/05/1993, 00.00.00",,226,240,320
164,"23/04/1993, 00.00.00","30/12/1899, 08.55.00",223,236,312
165,"24/05/1993, 00.00.00","30/12/1899, 13.15.00",223,,345
166,"29/04/1993, 00.00.00","30/12/1899, 10.00.00",199,227,350
167,"25/05/1993, 00.00.00","30/12/1899, 08.50.00",329,196,160
168,"28/05/1993, 00.00.00","30/12/1899, 08.30.00",173,242,260
169,"04/06/1993, 00.00.00","30/12/1899, 16.45.00",228,239,345
170,"02/06/1992, 00.00.00","30/12/1899, 13.00.00",222,233,290
171,"22/05/1992, 00.00.00","30/12/1899, 15.00.00",184,231,338
172,"22/05/1992, 00.00.00","30/12/1899, 12.45.00",216,235,335
173,"22/05/1992, 00.00.00","30/12/1899, 10.00.00",211,237,345
174,"26/05/1992, 00.00.00",,219,234,320
175,"25/04/1992, 00.00.00","30/12/1899, 10.30.00",214,241,260
176,"02/06/1992, 00.00.00","30/12/1899, 08.30.00",221,235,272
177,"18/05/1992, 00.00.00","30/12/1899, 12.30.00",202,240,350
178,"18/05/1992, 00.00.00","30/12/1899, 14.00.00",198,233,360
179,"25/05/1992, 00.00.00","30/12/1899, 11.00.00",218,242,338
180,"09/04/1992, 00.00.00",,164,236,
181,"21/04/1992, 00.00.00","30/12/1899, 09.00.00",210,232,306
182,"22/04/1992, 00.00.00","30/12/1899, 11.00.00",322,199,156
183,"25/04/1992, 00.00.00","30/12/1899, 19.00.00",187,240,330
184,"10/04/1992, 00.00.00",,170,235,298
185,"19/05/1992, 00.00.00","30/12/1899, 09.45.00",215,230,265
186,"09/04/1992, 00.00.00","30/12/1899, 15.00.00",173,244,310
187,"31/05/1992, 00.00.00","30/12/1899, 08.45.00",220,235,285
188,"23/05/1992, 00.00.00","30/12/1899, 10.00.00",217,236,355
189,"09/04/1992, 00.00.00",,199,226,300
191,"29/04/1991, 00.00.00","30/12/1899, 19.15.00",204,233,342
192,"30/04/1991, 00.00.00","30/12/1899, 19.45.00",320,191,150
193,"30/04/1991, 00.00.00","30/12/1899, 19.15.00",205,235,362
194,"22/05/1991, 00.00.00","30/12/1899, 14.00.00",196,240,360
195,"04/06/1991, 00.00.00","30/12/1899, 13.15.00",211,240,309
196,"06/06/1991, 00.00.00","30/12/1899, 12.10.00",212,240,312
197,"01/05/1991, 00.00.00",,280,207,142
198,"02/05/1991, 00.00.00",,175,244,305
199,"30/04/1991, 00.00.00","30/12/1899, 20.00.00",206,233,340
200,"02/05/1991, 00.00.00","30/12/1899, 16.30.00",282,208,145
201,"19/05/1991, 00.00.00","30/12/1899, 15.20.00",208,245,340
202,"28/04/1991, 00.00.00",,203,226,272
203,"29/04/1991, 00.00.00","30/12/1899, 09.15.00",316,199,144
204,"20/05/1991, 00.00.00",,184,232,365
205,"20/05/1991, 00.00.00","30/12/1899, 13.45.00",171,242,350
206,"21/05/1991, 00.00.00","30/12/1899, 13.15.00",155,239,380
207,"21/05/1991, 00.00.00","30/12/1899, 15.00.00",209,233,308
208,"25/04/1991, 00.00.00","30/12/1899, 19.30.00",187,240,340
209,"03/06/1991, 00.00.00","30/12/1899, 09.30.00",210,230,325
210,"28/04/1991, 00.00.00","30/12/1899, 19.45.00",319,205,160
211,"02/05/1991, 00.00.00","30/12/1899, 20.30.00",170,235,338
212,"04/06/1991, 00.00.00","30/12/1899, 20.15.00",132,238,340
213,"02/05/1991, 00.00.00",,195,235,309
214,"25/04/1991, 00.00.00","30/12/1899, 20.30.00",318,203,160
215,"26/04/1991, 00.00.00","30/12/1899, 19.30.00",159,238,312
216,"20/05/1991, 00.00.00","30/12/1899, 09.00.00",321,207,155
217,"25/05/1991, 00.00.00","30/12/1899, 17.00.00",126,246,352
218,"01/05/1991, 00.00.00",,149,230,290
219,"21/04/1991, 00.00.00","30/12/1899, 20.15.00",199,225,285
220,"22/04/1991, 00.00.00","30/12/1899, 20.00.00",173,243,315
221,"23/04/1991, 00.00.00","30/12/1899, 08.30.00",173,235,
222,"26/04/1991, 00.00.00","30/12/1899, 11.30.00",200,230,295
223,"25/04/1991, 00.00.00","30/12/1899, 08.45.00",317,225,147
225,"26/04/1991, 00.00.00","30/12/1899, 20.30.00",198,232,300
226,"02/05/1991, 00.00.00","30/12/1899, 11.30.00",101,235,296
227,"28/04/1991, 00.00.00","30/12/1899, 18.30.00",202,242,310
228,"27/04/1991, 00.00.00",,164,236,340
229,"01/05/1991, 00.00.00",,207,243,302
230,"27/04/1991, 00.00.00","30/12/1899, 17.50.00",283,207,160
231,"28/04/1991, 00.00.00","30/12/1899, 09.30.00",201,239,280
232,"25/04/1990, 00.00.00",,133,238,375
233,"28/04/1990, 00.00.00",,281,205,160
234,"29/04/1990, 00.00.00","30/12/1899, 11.15.00",295,205,
235,"30/04/1990, 00.00.00",,295,205,138
236,"21/05/1990, 00.00.00","30/12/1899, 09.30.00",119,243,350
237,"24/05/1990, 00.00.00","30/12/1899, 10.30.00",185,237,337
238,"22/05/1990, 00.00.00",,157,239,309
239,"22/05/1990, 00.00.00","30/12/1899, 12.00.00",191,230,318
240,"26/05/1990, 00.00.00","30/12/1899, 17.30.00",194,232,335
241,"26/04/1990, 00.00.00","30/12/1899, 19.30.00",279,194,140
243,"22/05/1990, 00.00.00",,186,238,
244,"26/04/1990, 00.00.00",,188,230,295
245,"28/06/1990, 00.00.00",,196,238,310
246,"26/04/1990, 00.00.00","30/12/1899, 20.00.00",278,205,155
247,"22/05/1990, 00.00.00",,175,245,
248,"21/05/1990, 00.00.00","30/12/1899, 16.30.00",165,239,355
831,"29/04/1973, 00.00.00",,512,203,152
832,"11/05/1973, 00.00.00",,512,207,162
833,"14/05/1973, 00.00.00",,469,236,360
834,"10/07/1973, 00.00.00",,466,234,
835,"11/05/1973, 00.00.00",,514,238,338
837,"15/05/1973, 00.00.00","30/12/1899, 19.00.00",486,237,300
838,"18/04/1974, 00.00.00","30/12/1899, 17.00.00",515,194,156
839,"18/04/1974, 00.00.00","30/12/1899, 20.00.00",497,199,155
840,"20/04/1974, 00.00.00","30/12/1899, 09.00.00",497,,140
841,"10/07/1974, 00.00.00","30/12/1899, 21.00.00",496,,320
843,"18/04/1974, 00.00.00","30/12/1899, 18.00.00",517,201,161
844,"04/06/1974, 00.00.00","30/12/1899, 20.00.00",435,231,296
845,"04/06/1974, 00.00.00",,518,233,325
846,"17/04/1974, 00.00.00","30/12/1899, 20.00.00",470,,170
847,"21/04/1974, 00.00.00","30/12/1899, 10.00.00",519,192,150
848,"22/04/1974, 00.00.00","30/12/1899, 15.00.00",519,185,168
849,"21/04/1974, 00.00.00","30/12/1899, 14.00.00",520,199,157
850,"23/04/1974, 00.00.00","30/12/1899, 10.00.00",520,199,146
851,"03/06/1974, 00.00.00","30/12/1899, 19.00.00",521,,320
852,"22/04/1974, 00.00.00","30/12/1899, 20.00.00",522,200,156
853,"01/07/1974, 00.00.00","30/12/1899, 16.00.00",523,,155
854,"11/07/1974, 00.00.00",,523,197,146
855,"09/07/1974, 00.00.00","30/12/1899, 16.00.00",524,194,138
856,"18/04/1974, 00.00.00","30/12/1899, 09.00.00",448,232,255
857,"04/07/1974, 00.00.00","30/12/1899, 10.00.00",525,230,272
858,"05/07/1974, 00.00.00","30/12/1899, 13.00.00",525,227,293
859,"01/07/1974, 00.00.00","30/12/1899, 21.00.00",506,238,314
860,"03/07/1974, 00.00.00","30/12/1899, 10.00.00",506,240,325
861,"05/07/1974, 00.00.00",,506,239,306
864,"07/07/1974, 00.00.00","30/12/1899, 17.00.00",526,200,165
865,"15/04/1974, 00.00.00","30/12/1899, 17.00.00",527,237,305
866,"15/04/1974, 00.00.00","30/12/1899, 19.00.00",528,242,297
867,"16/04/1974, 00.00.00","30/12/1899, 09.00.00",529,202,168
868,"02/07/1974, 00.00.00","30/12/1899, 17.00.00",527,237,290
869,"15/04/1974, 00.00.00","30/12/1899, 18.00.00",530,230,294
870,"29/04/1974, 00.00.00","30/12/1899, 20.00.00",530,,360
871,"30/04/1974, 00.00.00","30/12/1899, 10.00.00",531,196,157
872,"21/04/1974, 00.00.00","30/12/1899, 09.00.00",464,239,312
873,"20/04/1974, 00.00.00","30/12/1899, 20.00.00",532,202,186
874,"30/04/1974, 00.00.00","30/12/1899, 12.00.00",533,195,173
875,"07/07/1974, 00.00.00","30/12/1899, 20.00.00",534,200,155
876,"30/04/1974, 00.00.00","30/12/1899, 11.00.00",535,237,322
877,"30/04/1974, 00.00.00","30/12/1899, 12.00.00",536,232,303
878,"07/07/1974, 00.00.00","30/12/1899, 16.00.00",536,236,274
879,"12/07/1974, 00.00.00","30/12/1899, 13.00.00",537,192,148
880,"30/04/1974, 00.00.00","30/12/1899, 19.00.00",467,235,305
881,"16/04/1974, 00.00.00","30/12/1899, 14.00.00",509,195,156
882,"30/04/1974, 00.00.00","30/12/1899, 11.00.00",432,242,320
883,"30/04/1974, 00.00.00","30/12/1899, 18.00.00",538,199,152
884,"22/04/1974, 00.00.00","30/12/1899, 20.00.00",539,157,196
885,"01/05/1974, 00.00.00","30/12/1899, 21.00.00",540,232,290
886,"01/05/1974, 00.00.00","30/12/1899, 10.00.00",541,193,159
887,"13/06/1975, 00.00.00","30/12/1899, 10.00.00",542,240,330
888,"13/06/1975, 00.00.00","30/12/1899, 09.00.00",543,234,330
889,"04/05/1975, 00.00.00","30/12/1899, 11.00.00",544,223,284
890,"02/05/1975, 00.00.00","30/12/1899, 10.00.00",545,241,308
891,"01/05/1975, 00.00.00","30/12/1899, 19.00.00",546,241,342
892,"03/05/1975, 00.00.00",,547,193,148
893,"14/06/1975, 00.00.00","30/12/1899, 16.00.00",478,233,338
894,"01/05/1975, 00.00.00",,548,232,280
895,"04/05/1975, 00.00.00","30/12/1899, 20.00.00",545,242,298
896,"03/05/1975, 00.00.00",,549,225,281
897,"04/05/1975, 00.00.00","30/12/1899, 12.00.00",550,235,307
898,"03/05/1975, 00.00.00","30/12/1899, 19.00.00",500,242,280
899,"02/05/1975, 00.00.00","30/12/1899, 11.00.00",551,196,148
900,"14/06/1975, 00.00.00","30/12/1899, 13.00.00",490,232,310
901,"14/06/1975, 00.00.00","30/12/1899, 12.00.00",500,243,338
902,"24/04/1975, 00.00.00","30/12/1899, 18.00.00",448,236,254
903,"23/04/1975, 00.00.00",,552,195,150
904,"03/05/1975, 00.00.00","30/12/1899, 20.00.00",553,235,346
905,"02/05/1975, 00.00.00","30/12/1899, 12.00.00",554,198,140
906,"12/06/1975, 00.00.00","30/12/1899, 21.00.00",555,235,322
907,"05/06/1975, 00.00.00","30/12/1899, 19.00.00",434,237,326
908,"02/05/1975, 00.00.00","30/12/1899, 18.00.00",472,198,150
909,"02/05/1975, 00.00.00",,518,229,268
910,"12/06/1975, 00.00.00","30/12/1899, 17.00.00",366,235,352
911,"12/06/1975, 00.00.00","30/12/1899, 14.00.00",556,241,320
912,"12/06/1975, 00.00.00","30/12/1899, 19.00.00",557,229,300
913,"12/06/1975, 00.00.00","30/12/1899, 18.00.00",558,236,317
914,"18/04/1975, 00.00.00","30/12/1899, 19.00.00",559,198,166
915,"23/04/1975, 00.00.00","30/12/1899, 20.00.00",560,234,285
916,"18/04/1975, 00.00.00","30/12/1899, 12.00.00",561,200,170
917,"05/06/1975, 00.00.00","30/12/1899, 21.00.00",562,238,345
918,"05/06/1975, 00.00.00","30/12/1899, 16.00.00",563,234,330
919,"18/04/1975, 00.00.00","30/12/1899, 19.00.00",564,199,156
920,"23/04/1975, 00.00.00","30/12/1899, 19.00.00",564,199,161
921,"05/06/1975, 00.00.00","30/12/1899, 18.00.00",565,239,302
922,"12/04/1975, 00.00.00",,566,237,292
923,"29/04/1975, 00.00.00","30/12/1899, 19.00.00",567,230,295
924,"30/04/1975, 00.00.00","30/12/1899, 16.00.00",568,197,132
925,"13/04/1975, 00.00.00","30/12/1899, 11.00.00",569,236,286
926,"15/04/1975, 00.00.00","30/12/1899, 10.00.00",570,231,288
927,"20/06/1975, 00.00.00",,571,234,311
928,"12/06/1975, 00.00.00","30/12/1899, 13.00.00",572,239,295
929,"26/05/1975, 00.00.00","30/12/1899, 21.00.00",573,233,320
930,"26/04/1975, 00.00.00","30/12/1899, 20.00.00",574,209,167
931,"25/04/1975, 00.00.00","30/12/1899, 19.00.00",575,238,290
932,"26/04/1975, 00.00.00","30/12/1899, 19.00.00",493,239,270
933,"06/06/1975, 00.00.00","30/12/1899, 19.00.00",493,240,311
934,"06/06/1975, 00.00.00",,576,227,317
935,"26/04/1975, 00.00.00","30/12/1899, 10.00.00",577,237,340
936,"23/05/1975, 00.00.00","30/12/1899, 09.00.00",578,193,144
937,"24/05/1975, 00.00.00",,579,201,149
938,"06/06/1975, 00.00.00",,580,237,310
939,"12/06/1975, 00.00.00","30/12/1899, 12.00.00",581,245,318
940,"25/04/1975, 00.00.00","30/12/1899, 19.00.00",582,236,278
941,"26/04/1975, 00.00.00","30/12/1899, 10.00.00",583,203,148
942,"12/06/1975, 00.00.00","30/12/1899, 11.00.00",584,229,319
943,"06/06/1975, 00.00.00","30/12/1899, 18.00.00",585,236,323
944,"04/06/1975, 00.00.00","30/12/1899, 15.00.00",586,230,317
945,"25/04/1975, 00.00.00",,375,231,280
946,"06/06/1975, 00.00.00","30/12/1899, 20.00.00",575,232,287
947,"06/06/1975, 00.00.00","30/12/1899, 14.00.00",587,235,320
948,"13/06/1975, 00.00.00","30/12/1899, 14.00.00",588,228,313
949,"29/04/1975, 00.00.00","30/12/1899, 09.00.00",589,229,334
950,"29/04/1975, 00.00.00","30/12/1899, 20.00.00",554,195,139
951,"26/05/1975, 00.00.00","30/12/1899, 22.00.00",590,,299
952,"23/05/1975, 00.00.00","30/12/1899, 09.00.00",591,194,146
953,"28/04/1975, 00.00.00","30/12/1899, 10.00.00",590,232,334
954,"27/04/1975, 00.00.00","30/12/1899, 20.00.00",592,236,302
955,"28/04/1975, 00.00.00","30/12/1899, 09.00.00",593,203,152
956,"07/05/1975, 00.00.00","30/12/1899, 14.00.00",451,232,310
957,"02/06/1975, 00.00.00","30/12/1899, 19.00.00",594,242,360
958,"06/05/1975, 00.00.00","30/12/1899, 20.00.00",595,201,159
959,"06/05/1975, 00.00.00","30/12/1899, 19.00.00",596,237,360
960,"27/05/1975, 00.00.00",,597,204,152
961,"21/06/1975, 00.00.00","30/12/1899, 12.00.00",598,246,330
962,"21/06/1975, 00.00.00","30/12/1899, 11.00.00",599,200,158
963,"08/05/1975, 00.00.00","30/12/1899, 10.00.00",600,232,336
964,"07/05/1975, 00.00.00","30/12/1899, 15.00.00",601,193,137
965,"07/05/1975, 00.00.00","30/12/1899, 11.00.00",602,235,307
966,"07/05/1975, 00.00.00","30/12/1899, 11.00.00",603,203,145
967,"17/06/1975, 00.00.00",,604,230,320
968,"20/06/1975, 00.00.00",,605,237,319
969,"20/05/1975, 00.00.00","30/12/1899, 15.00.00",606,235,346
970,"13/06/1975, 00.00.00","30/12/1899, 13.00.00",607,236,327
971,"17/04/1975, 00.00.00","30/12/1899, 20.00.00",455,234,303
972,"23/04/1975, 00.00.00","30/12/1899, 10.00.00",608,201,157
973,"16/04/1975, 00.00.00","30/12/1899, 14.00.00",540,233,253
974,"16/04/1975, 00.00.00","30/12/1899, 14.00.00",609,201,138
975,"02/05/1975, 00.00.00","30/12/1899, 11.00.00",610,234,345
976,"11/05/1975, 00.00.00","30/12/1899, 21.00.00",611,195,152
977,"06/07/1975, 00.00.00","30/12/1899, 18.00.00",612,232,299
978,"05/06/1975, 00.00.00","30/12/1899, 20.00.00",613,238,288
979,"13/07/1975, 00.00.00","30/12/1899, 17.00.00",613,238,267
980,"04/06/1975, 00.00.00","30/12/1899, 17.00.00",614,231,284
981,"15/05/1975, 00.00.00",,615,227,242
982,"13/05/1975, 00.00.00","30/12/1899, 20.00.00",616,202,137
983,"23/04/1975, 00.00.00","30/12/1899, 20.00.00",617,231,283
984,"18/07/1975, 00.00.00","30/12/1899, 10.00.00",526,195,148
985,"12/04/1975, 00.00.00",,535,238,254
986,"08/07/1975, 00.00.00","30/12/1899, 08.00.00",619,191,143
987,"25/06/1975, 00.00.00","30/12/1899, 11.00.00",620,235,315
988,"16/04/1975, 00.00.00","30/12/1899, 13.00.00",534,197,165
989,"24/04/1975, 00.00.00","30/12/1899, 20.00.00",417,230,271
990,"20/04/1975, 00.00.00","30/12/1899, 11.00.00",621,197,163
991,"11/06/1975, 00.00.00","30/12/1899, 20.00.00",622,196,151
992,"04/06/1975, 00.00.00","30/12/1899, 18.00.00",623,233,296
993,"13/04/1975, 00.00.00","30/12/1899, 10.00.00",623,238,308
994,"10/05/1975, 00.00.00","30/12/1899, 16.00.00",624,226,286
995,"24/05/1976, 00.00.00","30/12/1899, 12.00.00",625,238,375
996,"24/05/1976, 00.00.00","30/12/1899, 10.00.00",543,235,287
997,"04/06/1976, 00.00.00","30/12/1899, 19.00.00",553,240,344
998,"01/06/1976, 00.00.00","30/12/1899, 12.00.00",626,243,310
999,"10/07/1976, 00.00.00","30/12/1899, 20.00.00",627,235,300
1000,"24/05/1976, 00.00.00","30/12/1899, 15.00.00",628,239,320
1001,"14/04/1976, 00.00.00","30/12/1899, 09.00.00",629,203,155
1002,"14/04/1976, 00.00.00","30/12/1899, 19.00.00",630,241,270
1003,"31/05/1976, 00.00.00","30/12/1899, 11.00.00",448,233,286
1004,"23/06/1976, 00.00.00","30/12/1899, 14.00.00",363,245,302
1005,"31/05/1976, 00.00.00","30/12/1899, 12.00.00",549,231,296
1006,"13/04/1976, 00.00.00","30/12/1899, 10.00.00",549,229,297
1007,"14/04/1976, 00.00.00","30/12/1899, 10.00.00",631,235,290
1008,"16/04/1976, 00.00.00","30/12/1899, 17.00.00",554,205,150
1009,"13/04/1976, 00.00.00","30/12/1899, 17.00.00",632,231,298
1010,"21/04/1976, 00.00.00","30/12/1899, 12.00.00",472,196,149
1011,"22/05/1976, 00.00.00",,369,238,280
1012,"10/06/1976, 00.00.00","30/12/1899, 18.00.00",366,240,356
1013,"16/05/1976, 00.00.00","30/12/1899, 18.00.00",633,235,335
1014,"29/05/1976, 00.00.00","30/12/1899, 14.00.00",634,,345
1015,"05/06/1976, 00.00.00","30/12/1899, 17.00.00",635,237,322
1016,"05/06/1976, 00.00.00","30/12/1899, 19.00.00",636,234,319
1017,"20/05/1976, 00.00.00","30/12/1899, 13.00.00",637,236,363
1018,"14/06/1976, 00.00.00","30/12/1899, 19.00.00",565,241,291
1019,"20/05/1976, 00.00.00","30/12/1899, 12.00.00",560,236,330
1020,"21/04/1976, 00.00.00","30/12/1899, 12.00.00",559,197,157
1021,"22/04/1976, 00.00.00","30/12/1899, 10.00.00",638,223,265
1022,"21/04/1976, 00.00.00","30/12/1899, 20.00.00",561,201,151
1023,"21/05/1976, 00.00.00","30/12/1899, 18.00.00",639,239,338
1024,"21/05/1976, 00.00.00","30/12/1899, 20.00.00",569,236,329
1025,"16/06/1976, 00.00.00","30/12/1899, 19.00.00",540,234,341
1026,"19/03/1976, 00.00.00","30/12/1899, 19.00.00",640,199,181
1027,"27/05/1976, 00.00.00","30/12/1899, 11.00.00",612,237,305
1028,"17/06/1976, 00.00.00","30/12/1899, 17.00.00",641,240,333
1030,"24/05/1976, 00.00.00","30/12/1899, 19.00.00",642,239,349
1031,"25/05/1976, 00.00.00","30/12/1899, 17.00.00",643,229,277
1032,"26/04/1976, 00.00.00","30/12/1899, 19.00.00",643,228,335
1033,"27/04/1976, 00.00.00","30/12/1899, 14.00.00",644,193,160
1034,"21/05/1976, 00.00.00","30/12/1899, 14.00.00",584,230,310
1035,"27/05/1976, 00.00.00","30/12/1899, 13.00.00",585,230,345
1036,"20/05/1976, 00.00.00","30/12/1899, 21.00.00",645,192,184
1037,"20/05/1976, 00.00.00","30/12/1899, 19.00.00",493,236,306
1038,"20/05/1976, 00.00.00",,375,230,336
1039,"25/05/1976, 00.00.00","30/12/1899, 11.00.00",492,,327
1040,"26/04/1976, 00.00.00","30/12/1899, 19.00.00",574,211,154
1041,"25/05/1976, 00.00.00","30/12/1899, 12.00.00",572,241,292
1042,"29/05/1976, 00.00.00","30/12/1899, 16.00.00",646,234,309
1043,"13/05/1976, 00.00.00","30/12/1899, 10.00.00",598,239,340
1044,"12/05/1976, 00.00.00","30/12/1899, 20.00.00",647,232,286
1045,"13/05/1976, 00.00.00","30/12/1899, 08.00.00",648,238,282
1046,"12/05/1976, 00.00.00","30/12/1899, 19.00.00",649,237,327
1047,"29/05/1976, 00.00.00",,594,239,338
1048,"13/05/1976, 00.00.00",,597,204,152
1049,"29/05/1976, 00.00.00","30/12/1899, 14.00.00",597,204,161
1050,"15/04/1976, 00.00.00","30/12/1899, 10.00.00",650,235,
1051,"16/04/1976, 00.00.00","30/12/1899, 10.00.00",651,200,
1053,"30/04/1976, 00.00.00","30/12/1899, 13.00.00",652,231,258
1054,"01/05/1976, 00.00.00",,653,196,153
1055,"27/03/1976, 00.00.00","30/12/1899, 10.00.00",592,233,
1056,"27/03/1976, 00.00.00","30/12/1899, 15.00.00",653,197,
1057,"28/03/1976, 00.00.00","30/12/1899, 12.00.00",654,198,153
1058,"06/04/1976, 00.00.00",,655,232,
1059,"06/04/1976, 00.00.00",,656,233,333
1060,"28/04/1976, 00.00.00",,654,198,143
1061,"05/07/1976, 00.00.00","30/12/1899, 10.00.00",656,232,280
1062,"23/05/1976, 00.00.00",,655,,383
1063,"06/05/1976, 00.00.00","30/12/1899, 20.00.00",545,240,374
1064,"07/05/1976, 00.00.00","30/12/1899, 10.00.00",657,200,140
1065,"07/05/1976, 00.00.00","30/12/1899, 09.00.00",546,242,311
1066,"16/04/1976, 00.00.00","30/12/1899, 20.00.00",658,235,315
1067,"07/05/1976, 00.00.00","30/12/1899, 09.00.00",658,,282
1068,"13/05/1976, 00.00.00","30/12/1899, 12.00.00",659,241,307
1069,"12/05/1976, 00.00.00","30/12/1899, 11.00.00",660,194,150
1070,"26/05/1976, 00.00.00",,581,241,332
1071,"01/06/1976, 00.00.00","30/12/1899, 19.00.00",571,230,
1072,"27/04/1976, 00.00.00","30/12/1899, 11.00.00",576,234,319
1073,"28/04/1976, 00.00.00","30/12/1899, 11.00.00",436,197,154
1074,"02/06/1976, 00.00.00","30/12/1899, 19.00.00",661,230,356
1075,"28/04/1976, 00.00.00","30/12/1899, 19.00.00",662,196,152
1076,"07/07/1976, 00.00.00","30/12/1899, 08.00.00",661,,284
1077,"27/04/1976, 00.00.00","30/12/1899, 12.00.00",663,203,155
1078,"15/07/1976, 00.00.00","30/12/1899, 10.00.00",664,242,286
1079,"19/07/1976, 00.00.00","30/12/1899, 17.00.00",665,195,138
1080,"07/05/1976, 00.00.00","30/12/1899, 20.00.00",536,236,316
1081,"31/05/1976, 00.00.00","30/12/1899, 15.00.00",455,235,302
1082,"29/04/1976, 00.00.00","30/12/1899, 12.00.00",611,194,145
1083,"24/07/1976, 00.00.00","30/12/1899, 20.00.00",455,,256
1084,"19/04/1976, 00.00.00",,615,228,287
1085,"07/05/1976, 00.00.00",,666,202,164
1086,"25/07/1976, 00.00.00","30/12/1899, 20.00.00",622,196,135
1087,"17/04/1976, 00.00.00","30/12/1899, 19.00.00",667,235,265
1088,"19/04/1976, 00.00.00",,668,194,161
1089,"15/04/1976, 00.00.00","30/12/1899, 09.00.00",540,234,272
1090,"15/04/1976, 00.00.00","30/12/1899, 20.00.00",619,193,149
1091,"07/06/1976, 00.00.00","30/12/1899, 12.00.00",535,240,339
1092,"25/04/1976, 00.00.00","30/12/1899, 09.00.00",432,239,298
1093,"28/04/1976, 00.00.00","30/12/1899, 12.00.00",669,199,155
1094,"14/06/1976, 00.00.00","30/12/1899, 12.00.00",432,243,335
1095,"18/04/1976, 00.00.00",,624,228,287
1096,"09/05/1976, 00.00.00",,670,203,158
1097,"29/04/1976, 00.00.00",,671,227,
1098,"04/06/1977, 00.00.00","30/12/1899, 11.00.00",625,,342
1099,"19/04/1977, 00.00.00","30/12/1899, 13.00.00",545,242,317
1100,"20/06/1977, 00.00.00","30/12/1899, 16.00.00",672,241,
1101,"24/05/1977, 00.00.00","30/12/1899, 20.00.00",553,238,350
1102,"01/06/1977, 00.00.00",,673,233,338
1103,"24/05/1977, 00.00.00","30/12/1899, 17.00.00",628,237,338
1104,"01/06/1977, 00.00.00","30/12/1899, 12.00.00",674,229,315
1105,"19/04/1977, 00.00.00","30/12/1899, 10.00.00",675,197,148
1106,"17/04/1977, 00.00.00","30/12/1899, 10.00.00",627,235,315
1107,"17/04/1977, 00.00.00","30/12/1899, 18.00.00",676,196,145
1108,"19/04/1977, 00.00.00","30/12/1899, 11.00.00",363,245,315
1109,"18/04/1977, 00.00.00","30/12/1899, 11.00.00",677,209,160
1110,"18/04/1977, 00.00.00","30/12/1899, 12.00.00",631,234,280
1111,"19/04/1977, 00.00.00","30/12/1899, 12.00.00",554,208,155
1112,"14/04/1977, 00.00.00","30/12/1899, 10.00.00",678,230,285
1113,"16/04/1977, 00.00.00","30/12/1899, 11.00.00",679,196,150
1114,"15/04/1977, 00.00.00",,680,196,158
1115,"15/04/1977, 00.00.00","30/12/1899, 10.00.00",681,237,329
1116,"20/05/1977, 00.00.00","30/12/1899, 19.00.00",682,225,290
1117,"14/04/1977, 00.00.00","30/12/1899, 11.00.00",683,238,287
1118,"14/04/1977, 00.00.00","30/12/1899, 18.00.00",684,227,270
1119,"24/05/1977, 00.00.00","30/12/1899, 13.00.00",633,237,323
1120,"24/05/1977, 00.00.00","30/12/1899, 15.00.00",685,235,350
1121,"27/05/1977, 00.00.00","30/12/1899, 18.00.00",686,231,344
1122,"01/06/1977, 00.00.00","30/12/1899, 16.00.00",634,232,335
1123,"30/05/1977, 00.00.00",,639,239,330
1125,"15/04/1977, 00.00.00",,624,226,300
1126,"16/04/1977, 00.00.00","30/12/1899, 18.00.00",688,238,325
1127,"24/04/1977, 00.00.00","30/12/1899, 12.00.00",689,196,152
1128,"24/05/1977, 00.00.00","30/12/1899, 11.00.00",560,237,305
1129,"17/05/1977, 00.00.00",,635,235,321
1131,"28/05/1977, 00.00.00","30/12/1899, 16.00.00",372,239,329
1132,"28/07/1977, 00.00.00","30/12/1899, 10.00.00",372,237,
1133,"21/04/1977, 00.00.00","30/12/1899, 12.00.00",671,230,278
1135,"22/04/1977, 00.00.00","30/12/1899, 11.00.00",690,202,157
1136,"23/04/1977, 00.00.00","30/12/1899, 10.00.00",691,230,253
1137,"22/05/1977, 00.00.00","30/12/1899, 15.00.00",369,239,302
1138,"13/05/1977, 00.00.00",,643,226,349
1139,"21/05/1977, 00.00.00","30/12/1899, 19.00.00",692,238,327
1140,"23/05/1977, 00.00.00",,584,230,368
1141,"31/05/1977, 00.00.00","30/12/1899, 20.00.00",693,230,327
1142,"15/05/1977, 00.00.00","30/12/1899, 20.00.00",642,243,287
1143,"19/05/1977, 00.00.00","30/12/1899, 21.00.00",650,237,351
1144,"21/04/1977, 00.00.00",,694,233,306
1145,"27/04/1977, 00.00.00","30/12/1899, 09.00.00",376,232,320
1146,"27/04/1977, 00.00.00","30/12/1899, 17.00.00",695,199,147
1147,"11/05/1977, 00.00.00","30/12/1899, 13.00.00",375,235,335
1148,"27/05/1977, 00.00.00","30/12/1899, 16.00.00",575,235,298
1149,"28/05/1977, 00.00.00",,577,236,348
1150,"03/06/1977, 00.00.00",,696,230,326
1151,"31/05/1977, 00.00.00",,581,243,305
1152,"31/05/1977, 00.00.00","30/12/1899, 14.00.00",697,234,352
1153,"16/04/1977, 00.00.00","30/12/1899, 10.00.00",647,238,278
1154,"15/04/1977, 00.00.00","30/12/1899, 15.00.00",698,200,152
1155,"29/03/1977, 00.00.00","30/12/1899, 18.00.00",597,204,163
1156,"15/04/1977, 00.00.00","30/12/1899, 14.00.00",699,202,147
1157,"15/04/1977, 00.00.00",,700,237,316
1158,"15/04/1977, 00.00.00","30/12/1899, 13.00.00",701,237,312
1159,"16/04/1977, 00.00.00","30/12/1899, 19.00.00",702,231,248
1160,"04/04/1977, 00.00.00","30/12/1899, 19.00.00",649,237,301
1161,"13/04/1977, 00.00.00","30/12/1899, 11.00.00",649,237,289
1162,"04/06/1977, 00.00.00","30/12/1899, 16.00.00",703,228,352
1163,"15/04/1977, 00.00.00","30/12/1899, 13.00.00",598,241,298
1164,"17/04/1977, 00.00.00",,704,200,144
1165,"29/03/1977, 00.00.00","30/12/1899, 10.00.00",653,197,153
1166,"01/04/1977, 00.00.00","30/12/1899, 12.00.00",705,196,149
1167,"27/04/1977, 00.00.00","30/12/1899, 20.00.00",653,,152
1168,"28/04/1977, 00.00.00","30/12/1899, 19.00.00",592,232,276
1170,"28/03/1977, 00.00.00","30/12/1899, 19.00.00",706,230,276
1171,"29/04/1977, 00.00.00",,651,197,147
1172,"26/04/1977, 00.00.00","30/12/1899, 20.00.00",707,234,293
1173,"27/05/1977, 00.00.00","30/12/1899, 10.00.00",652,231,282
1174,"29/03/1977, 00.00.00","30/12/1899, 11.00.00",656,237,283
1175,"10/07/1977, 00.00.00","30/12/1899, 15.00.00",656,237,265
1176,"30/03/1977, 00.00.00","30/12/1899, 10.00.00",656,,268
1177,"24/05/1977, 00.00.00","30/12/1899, 20.00.00",708,231,308
1178,"29/03/1977, 00.00.00","30/12/1899, 19.00.00",654,200,154
1179,"18/05/1977, 00.00.00","30/12/1899, 13.00.00",654,,139
1180,"12/07/1977, 00.00.00","30/12/1899, 09.00.00",654,,152
1181,"12/07/1977, 00.00.00","30/12/1899, 18.00.00",708,232,265
1182,"27/05/1977, 00.00.00","30/12/1899, 12.00.00",709,234,302
1183,"04/06/1977, 00.00.00","30/12/1899, 15.00.00",710,238,323
1184,"04/06/1977, 00.00.00","30/12/1899, 14.00.00",711,233,338
1185,"07/06/1977, 00.00.00","30/12/1899, 11.00.00",712,236,341
1186,"18/04/1977, 00.00.00","30/12/1899, 10.00.00",713,241,278
1187,"16/04/1977, 00.00.00","30/12/1899, 20.00.00",607,242,302
1188,"17/04/1977, 00.00.00","30/12/1899, 20.00.00",607,,285
1189,"09/05/1977, 00.00.00","30/12/1899, 18.00.00",714,231,360
1190,"30/04/1977, 00.00.00","30/12/1899, 18.00.00",604,235,318
1191,"30/04/1977, 00.00.00",,715,201,134
1192,"21/05/1977, 00.00.00","30/12/1899, 10.00.00",716,194,143
1193,"30/05/1977, 00.00.00","30/12/1899, 18.00.00",540,232,298
1194,"10/05/1977, 00.00.00","30/12/1899, 20.00.00",717,230,324
1195,"19/07/1977, 00.00.00","30/12/1899, 17.00.00",717,232,260
1196,"20/07/1977, 00.00.00","30/12/1899, 17.00.00",717,,265
1197,"16/06/1977, 00.00.00","30/12/1899, 18.00.00",718,242,336
1198,"19/04/1977, 00.00.00","30/12/1899, 11.00.00",719,198,171
1199,"20/07/1977, 00.00.00","30/12/1899, 18.00.00",720,198,135
1200,"02/05/1977, 00.00.00","30/12/1899, 10.00.00",667,237,279
1201,"29/04/1977, 00.00.00","30/12/1899, 20.00.00",721,200,155
1202,"12/06/1977, 00.00.00","30/12/1899, 16.00.00",667,,338
1203,"09/05/1977, 00.00.00","30/12/1899, 11.00.00",722,235,327
1204,"07/07/1977, 00.00.00","30/12/1899, 22.00.00",722,,277
1206,"04/05/1977, 00.00.00","30/12/1899, 10.00.00",723,235,365
1207,"01/05/1977, 00.00.00","30/12/1899, 19.00.00",724,197,144
1208,"07/07/1977, 00.00.00","30/12/1899, 21.00.00",723,235,280
1209,"11/07/1977, 00.00.00","30/12/1899, 13.00.00",724,199,137
1210,"23/08/1977, 00.00.00","30/12/1899, 20.00.00",725,238,310
1211,"05/05/1977, 00.00.00","30/12/1899, 12.00.00",670,201,148
1212,"28/04/1977, 00.00.00","30/12/1899, 19.00.00",726,234,308
1213,"21/04/1978, 00.00.00","30/12/1899, 20.00.00",727,201,
1214,"23/04/1978, 00.00.00","30/12/1899, 11.00.00",727,201,154
1215,"24/05/1978, 00.00.00","30/12/1899, 12.00.00",728,235,335
1216,"24/04/1978, 00.00.00","30/12/1899, 12.00.00",729,199,137
1218,"27/04/1978, 00.00.00","30/12/1899, 20.00.00",730,244,320
1219,"25/05/1978, 00.00.00","30/12/1899, 19.00.00",730,243,345
1220,"25/05/1978, 00.00.00","30/12/1899, 17.00.00",553,237,350
1221,"10/07/1978, 00.00.00","30/12/1899, 19.00.00",545,242,290
1222,"10/07/1978, 00.00.00","30/12/1899, 18.00.00",731,242,280
1223,"03/06/1978, 00.00.00","30/12/1899, 12.00.00",681,236,360
1224,"21/04/1978, 00.00.00","30/12/1899, 12.00.00",732,,148
1225,"22/04/1978, 00.00.00","30/12/1899, 11.00.00",733,237,295
1226,"20/06/1978, 00.00.00","30/12/1899, 12.00.00",678,236,345
1227,"21/04/1978, 00.00.00",,734,204,149
1228,"23/04/1978, 00.00.00",,734,200,160
1229,"21/04/1978, 00.00.00","30/12/1899, 11.00.00",363,244,291
1230,"20/04/1978, 00.00.00","30/12/1899, 20.00.00",735,229,
1231,"01/06/1978, 00.00.00","30/12/1899, 18.00.00",736,231,310
1232,"17/05/1978, 00.00.00","30/12/1899, 18.00.00",633,238,350
1233,"24/05/1978, 00.00.00","30/12/1899, 20.00.00",565,245,324
1234,"23/05/1978, 00.00.00","30/12/1899, 17.00.00",737,246,350
1235,"27/05/1978, 00.00.00","30/12/1899, 20.00.00",671,229,309
1236,"08/06/1978, 00.00.00","30/12/1899, 16.00.00",738,236,349
1237,"01/06/1978, 00.00.00",,739,235,313
1238,"31/05/1978, 00.00.00","30/12/1899, 16.00.00",697,237,330
1239,"01/06/1978, 00.00.00","30/12/1899, 12.00.00",642,246,339
1240,"24/05/1978, 00.00.00","30/12/1899, 10.00.00",740,237,335
1241,"02/05/1978, 00.00.00","30/12/1899, 10.00.00",741,199,148
1242,"03/06/1978, 00.00.00","30/12/1899, 14.00.00",584,230,292
1243,"02/06/1978, 00.00.00",,659,239,320
1244,"29/05/1978, 00.00.00","30/12/1899, 13.00.00",643,224,286
1245,"03/06/1978, 00.00.00",,375,235,317
1246,"05/06/1978, 00.00.00","30/12/1899, 11.00.00",577,240,322
1247,"29/05/1978, 00.00.00","30/12/1899, 16.00.00",572,242,315
1248,"28/05/1978, 00.00.00",,656,238,325
1249,"07/03/1978, 00.00.00","30/12/1899, 11.00.00",651,198,156
1250,"31/03/1978, 00.00.00",,653,198,146
1251,"12/07/1978, 00.00.00","30/12/1899, 16.00.00",651,200,150
1252,"22/05/1978, 00.00.00","30/12/1899, 14.00.00",707,238,354
1253,"28/05/1978, 00.00.00","30/12/1899, 16.00.00",652,233,306
1254,"12/07/1978, 00.00.00",,654,192,150
1255,"01/04/1978, 00.00.00","30/12/1899, 10.00.00",652,232,263
1256,"03/04/1978, 00.00.00",,742,203,150
1257,"20/05/1978, 00.00.00",,594,241,354
1258,"04/05/1978, 00.00.00",,743,199,143
1259,"11/07/1978, 00.00.00","30/12/1899, 20.00.00",601,196,138
1260,"06/06/1978, 00.00.00",,598,242,344
1261,"05/05/1978, 00.00.00","30/12/1899, 11.00.00",704,200,141
1262,"14/06/1978, 00.00.00",,744,235,347
1263,"28/05/1978, 00.00.00","30/12/1899, 19.00.00",745,237,366
1264,"28/05/1978, 00.00.00","30/12/1899, 19.00.00",746,237,352
1265,"30/05/1978, 00.00.00",,747,232,334
1266,"06/06/1978, 00.00.00",,712,235,368
1267,"07/05/1978, 00.00.00",,748,202,146
1268,"05/06/1978, 00.00.00",,714,234,300
1269,"05/06/1978, 00.00.00","30/12/1899, 15.00.00",749,198,151
1270,"27/04/1978, 00.00.00",,750,238,347
1271,"03/05/1978, 00.00.00",,751,197,134
1272,"06/06/1978, 00.00.00",,725,238,338
1273,"22/05/1978, 00.00.00","30/12/1899, 15.00.00",670,202,147
1274,"02/05/1978, 00.00.00","30/12/1899, 18.00.00",752,236,315
1275,"02/05/1978, 00.00.00","30/12/1899, 18.00.00",753,206,150
1277,"07/05/1978, 00.00.00","30/12/1899, 12.00.00",753,204,144
1278,"27/06/1978, 00.00.00",,754,201,154
1279,"15/04/1978, 00.00.00",,755,198,152
1280,"17/04/1978, 00.00.00","30/12/1899, 18.00.00",755,,139
1281,"26/05/1978, 00.00.00","30/12/1899, 19.00.00",726,237,321
1282,"01/05/1978, 00.00.00","30/12/1899, 11.00.00",756,236,363
1283,"01/05/1978, 00.00.00","30/12/1899, 18.00.00",757,201,156
1284,"07/05/1978, 00.00.00",,757,201,147
1285,"22/04/1978, 00.00.00","30/12/1899, 10.00.00",756,234,243
1286,"27/04/1978, 00.00.00","30/12/1899, 19.00.00",622,196,141
1287,"24/04/1978, 00.00.00",,758,237,300
1288,"07/05/1978, 00.00.00","30/12/1899, 16.00.00",758,240,308
1289,"13/05/1978, 00.00.00",,758,,310
1290,"27/04/1978, 00.00.00","30/12/1899, 09.00.00",684,226,299
1291,"12/05/1978, 00.00.00",,716,196,159
1293,"04/05/1978, 00.00.00",,759,201,153
1294,"07/05/1978, 00.00.00","30/12/1899, 11.00.00",759,204,158
1295,"02/05/1978, 00.00.00",,639,242,300
1296,"21/05/1978, 00.00.00",,760,197,141
1297,"27/04/1979, 00.00.00","30/12/1899, 10.00.00",731,243,330
1298,"12/06/1979, 00.00.00","30/12/1899, 10.00.00",545,243,303
1299,"27/04/1979, 00.00.00","30/12/1899, 18.00.00",761,193,142
1300,"01/06/1979, 00.00.00","30/12/1899, 11.00.00",553,241,332
1301,"20/06/1979, 00.00.00","30/12/1899, 11.00.00",681,237,345
1302,"01/06/1979, 00.00.00",,363,245,322
1303,"01/06/1979, 00.00.00",,762,241,340
1304,"18/04/1979, 00.00.00","30/12/1899, 18.00.00",763,240,270
1305,"20/06/1979, 00.00.00","30/12/1899, 18.00.00",763,238,306
1306,"20/04/1979, 00.00.00","30/12/1899, 12.00.00",630,243,
1307,"18/04/1979, 00.00.00","30/12/1899, 10.00.00",764,201,138
1308,"02/06/1979, 00.00.00","30/12/1899, 14.00.00",366,240,370
1309,"02/06/1979, 00.00.00","30/12/1899, 11.00.00",633,238,320
1310,"14/06/1979, 00.00.00","30/12/1899, 17.00.00",765,240,365
1311,"27/05/1979, 00.00.00","30/12/1899, 15.00.00",766,,248
1312,"01/06/1979, 00.00.00","30/12/1899, 21.00.00",767,230,350
1314,"21/05/1979, 00.00.00","30/12/1899, 20.00.00",769,239,313
1315,"25/05/1979, 00.00.00",,671,230,329
1316,"01/05/1979, 00.00.00","30/12/1899, 10.00.00",690,202,161
1317,"05/04/1979, 00.00.00","30/12/1899, 09.00.00",770,241,306
1318,"05/04/1979, 00.00.00","30/12/1899, 19.00.00",771,203,154
1319,"21/05/1979, 00.00.00","30/12/1899, 21.00.00",738,235,325
1320,"22/05/1979, 00.00.00","30/12/1899, 11.00.00",771,203,137
1321,"21/05/1979, 00.00.00","30/12/1899, 13.00.00",692,243,344
1322,"21/05/1979, 00.00.00","30/12/1899, 14.00.00",693,238,329
1323,"05/04/1979, 00.00.00","30/12/1899, 10.00.00",374,231,256
1324,"05/04/1979, 00.00.00","30/12/1899, 19.00.00",772,197,159
1325,"05/06/1979, 00.00.00","30/12/1899, 14.00.00",659,238,312
1326,"05/06/1979, 00.00.00","30/12/1899, 15.00.00",773,238,314
1327,"07/06/1979, 00.00.00","30/12/1899, 13.00.00",774,238,301
1328,"07/06/1979, 00.00.00","30/12/1899, 14.00.00",775,232,296
1329,"24/05/1979, 00.00.00","30/12/1899, 19.00.00",776,237,342
1330,"24/05/1979, 00.00.00","30/12/1899, 18.00.00",375,236,362
1331,"14/05/1979, 00.00.00","30/12/1899, 17.00.00",697,237,333
1332,"02/06/1979, 00.00.00","30/12/1899, 12.00.00",376,230,315
1333,"22/05/1979, 00.00.00","30/12/1899, 19.00.00",777,226,326
1334,"22/05/1979, 00.00.00","30/12/1899, 10.00.00",778,209,154
1335,"15/04/1979, 00.00.00","30/12/1899, 18.00.00",707,242,288
1336,"16/04/1979, 00.00.00","30/12/1899, 20.00.00",653,198,155
1337,"07/04/1979, 00.00.00","30/12/1899, 09.00.00",779,239,325
1338,"09/05/1979, 00.00.00","30/12/1899, 08.00.00",780,233,280
1339,"09/05/1979, 00.00.00","30/12/1899, 08.00.00",781,235,302
1340,"09/05/1979, 00.00.00","30/12/1899, 08.00.00",654,197,145
1341,"10/05/1979, 00.00.00","30/12/1899, 10.00.00",782,239,335
1342,"04/06/1979, 00.00.00","30/12/1899, 15.00.00",783,228,315
1343,"15/04/1979, 00.00.00","30/12/1899, 19.00.00",601,195,147
1344,"14/05/1979, 00.00.00","30/12/1899, 12.00.00",594,244,332
1345,"15/04/1979, 00.00.00","30/12/1899, 13.00.00",784,228,287
1346,"27/05/1979, 00.00.00","30/12/1899, 13.00.00",785,235,341
1347,"25/05/1979, 00.00.00",,604,235,342
1348,"06/06/1979, 00.00.00","30/12/1899, 11.00.00",786,234,307
1349,"27/05/1979, 00.00.00",,787,233,326
1350,"08/06/1979, 00.00.00",,788,233,316
1351,"04/06/1979, 00.00.00","30/12/1899, 12.00.00",746,236,290
1352,"04/06/1979, 00.00.00",,789,240,306
1353,"04/05/1979, 00.00.00","30/12/1899, 12.00.00",725,237,307
1354,"11/05/1979, 00.00.00","30/12/1899, 20.00.00",725,238,325
1355,"11/05/1979, 00.00.00","30/12/1899, 20.00.00",756,231,261
1356,"04/05/1979, 00.00.00","30/12/1899, 10.00.00",790,200,151
1357,"01/05/1979, 00.00.00","30/12/1899, 10.00.00",791,240,321
1358,"01/05/1979, 00.00.00","30/12/1899, 10.00.00",792,201,152
1359,"14/06/1979, 00.00.00","30/12/1899, 14.00.00",535,238,323
1360,"23/05/1979, 00.00.00","30/12/1899, 10.00.00",684,228,285
1361,"26/05/1980, 00.00.00","30/12/1899, 13.00.00",793,246,322
1362,"06/05/1980, 00.00.00","30/12/1899, 20.00.00",681,233,290
1363,"06/05/1980, 00.00.00","30/12/1899, 11.00.00",794,194,138
1364,"28/05/1980, 00.00.00","30/12/1899, 12.00.00",795,240,305
1365,"03/06/1980, 00.00.00","30/12/1899, 15.00.00",796,241,300
1366,"27/05/1980, 00.00.00","30/12/1899, 13.00.00",797,244,335
1367,"07/05/1980, 00.00.00","30/12/1899, 10.00.00",798,235,330
1368,"09/05/1980, 00.00.00","30/12/1899, 09.00.00",799,197,144
1369,"09/05/1980, 00.00.00","30/12/1899, 10.00.00",800,237,339
1370,"06/05/1980, 00.00.00",,801,240,380
1371,"19/05/1980, 00.00.00","30/12/1899, 12.00.00",802,231,333
1372,"23/05/1980, 00.00.00","30/12/1899, 10.00.00",762,243,346
1373,"28/05/1980, 00.00.00","30/12/1899, 15.00.00",366,241,368
1374,"23/05/1980, 00.00.00","30/12/1899, 14.00.00",803,245,286
1375,"16/05/1980, 00.00.00","30/12/1899, 19.00.00",735,231,306
1376,"09/05/1980, 00.00.00","30/12/1899, 11.00.00",804,200,165
1377,"23/05/1980, 00.00.00","30/12/1899, 21.00.00",682,236,314
1378,"23/05/1980, 00.00.00","30/12/1899, 18.00.00",805,246,337
1379,"26/05/1980, 00.00.00","30/12/1899, 19.00.00",763,234,328
1380,"26/05/1980, 00.00.00","30/12/1899, 17.00.00",806,241,342
1381,"07/05/1980, 00.00.00","30/12/1899, 10.00.00",807,196,144
1382,"26/05/1980, 00.00.00","30/12/1899, 15.00.00",636,241,345
1383,"07/05/1980, 00.00.00","30/12/1899, 19.00.00",471,201,156
1384,"16/05/1980, 00.00.00","30/12/1899, 17.00.00",808,233,334
1385,"06/05/1980, 00.00.00","30/12/1899, 19.00.00",809,198,164
1386,"15/04/1980, 00.00.00","30/12/1899, 19.00.00",766,229,373
1387,"16/04/1980, 00.00.00","30/12/1899, 12.00.00",810,203,148
1388,"29/05/1980, 00.00.00","30/12/1899, 11.00.00",811,233,341
1389,"08/05/1980, 00.00.00",,369,247,317
1390,"26/04/1980, 00.00.00","30/12/1899, 10.00.00",372,242,282
1391,"25/04/1980, 00.00.00","30/12/1899, 11.00.00",690,201,151
1392,"23/04/1980, 00.00.00","30/12/1899, 20.00.00",770,242,350
1393,"24/04/1980, 00.00.00","30/12/1899, 20.00.00",812,202,169
1394,"07/05/1980, 00.00.00","30/12/1899, 20.00.00",692,245,327
1395,"16/04/1980, 00.00.00","30/12/1899, 11.00.00",373,232,296
1396,"16/04/1980, 00.00.00","30/12/1899, 11.00.00",772,196,157
1397,"21/05/1980, 00.00.00","30/12/1899, 13.00.00",693,237,368
1398,"30/05/1980, 00.00.00","30/12/1899, 14.00.00",813,238,333
1399,"29/05/1980, 00.00.00","30/12/1899, 18.00.00",572,244,313
1400,"27/05/1980, 00.00.00","30/12/1899, 12.00.00",650,239,332
1401,"30/05/1980, 00.00.00","30/12/1899, 12.00.00",376,231,317
1402,"28/05/1980, 00.00.00","30/12/1899, 11.00.00",814,199,151
1403,"25/05/1980, 00.00.00","30/12/1899, 18.00.00",707,242,309
1404,"01/05/1980, 00.00.00","30/12/1899, 10.00.00",781,238,312
1405,"30/04/1980, 00.00.00","30/12/1899, 09.00.00",815,204,140
1406,"22/05/1980, 00.00.00","30/12/1899, 18.00.00",816,238,359
1407,"29/04/1980, 00.00.00","30/12/1899, 10.00.00",743,199,141
1408,"01/05/1980, 00.00.00","30/12/1899, 11.00.00",817,196,136
1409,"29/04/1980, 00.00.00","30/12/1899, 18.00.00",818,231,328
1410,"22/05/1980, 00.00.00","30/12/1899, 17.00.00",819,241,391
1411,"16/05/1980, 00.00.00","30/12/1899, 12.00.00",820,197,134
1412,"24/05/1980, 00.00.00","30/12/1899, 18.00.00",821,243,318
1413,"24/05/1980, 00.00.00","30/12/1899, 21.00.00",684,229,315
1414,"24/05/1980, 00.00.00","30/12/1899, 16.00.00",791,242,336
1415,"15/05/1980, 00.00.00","30/12/1899, 20.00.00",822,205,141
1416,"13/05/1980, 00.00.00","30/12/1899, 15.00.00",756,235,301
1417,"13/05/1980, 00.00.00","30/12/1899, 15.00.00",823,202,163
1418,"09/06/1980, 00.00.00","30/12/1899, 14.00.00",824,242,295
1419,"26/04/1980, 00.00.00","30/12/1899, 12.00.00",825,236,288
1420,"25/04/1980, 00.00.00","30/12/1899, 19.00.00",826,207,161
1421,"25/05/1980, 00.00.00","30/12/1899, 15.00.00",725,240,348
1422,"14/05/1980, 00.00.00","30/12/1899, 10.00.00",826,209,148
1423,"25/04/1980, 00.00.00","30/12/1899, 10.00.00",827,236,310
1425,"25/04/1980, 00.00.00","30/12/1899, 10.00.00",828,199,158
1426,"25/05/1980, 00.00.00","30/12/1899, 13.00.00",618,236,344
1427,"15/05/1980, 00.00.00","30/12/1899, 19.00.00",829,200,152
1428,"15/05/1980, 00.00.00","30/12/1899, 11.00.00",830,235,331
1429,"15/05/1980, 00.00.00","30/12/1899, 11.00.00",831,199,142
1430,"13/05/1980, 00.00.00","30/12/1899, 11.00.00",752,237,343
1431,"14/05/1980, 00.00.00","30/12/1899, 11.00.00",832,234,280
1432,"28/05/1980, 00.00.00","30/12/1899, 17.00.00",604,237,295
1433,"10/06/1980, 00.00.00","30/12/1899, 19.00.00",833,224,329
1434,"29/05/1980, 00.00.00","30/12/1899, 20.00.00",661,235,341
